,number of time parameters,dimension of unitary matrix,number of target parameters,gradient descent step,l1 distance traversed,l2 distance traversed,loss
0,2048,32.0,-2,0,0.0,0.0,63.18263583754207
1,2048,32.0,-2,1,0.3326931474727868,0.009216516548589836,61.48506269717488
2,2048,32.0,-2,2,0.664663126024985,0.01841538864468923,59.79334178296209
3,2048,32.0,-2,3,0.9952613491190311,0.027580663170827528,58.11168874516008
4,2048,32.0,-2,4,1.3239538967974462,0.03669639763651763,56.44433620009306
5,2048,32.0,-2,5,1.6504170729339842,0.045746830080997156,54.79547059964993
6,2048,32.0,-2,6,1.9743496029481236,0.054716575093820816,53.169155538420085
7,2048,32.0,-2,7,2.2946739802315577,0.06359083560452522,51.56924832978711
8,2048,32.0,-2,8,2.6106492550151827,0.07235561629184399,49.99931823119047
9,2048,32.0,-2,9,2.922464893430588,0.080997922983079,48.46257473755006
10,2048,32.0,-2,10,3.229754301359752,0.08950593351799144,46.96181263783593
11,2048,32.0,-2,11,3.531366364803738,0.0978691288569838,45.4993779036957
12,2048,32.0,-2,12,3.827498831093877,0.10607837802225852,44.077155283013255
13,2048,32.0,-2,13,4.118106529744097,0.11412597557270782,42.69657566741435
14,2048,32.0,-2,14,4.402317086588407,0.12200563502393873,41.35863924082493
15,2048,32.0,-2,15,4.680178158443724,0.12971244503132123,40.063949469443166
16,2048,32.0,-2,16,4.951717932483401,0.1372427970446614,38.8127529793438
17,2048,32.0,-2,17,5.21693941741931,0.14459429355257697,37.60498112903742
18,2048,32.0,-2,18,5.475535225584108,0.15176564526087974,36.44029023672499
19,2048,32.0,-2,19,5.72757902407794,0.158756564044143,35.31809865526421
20,2048,32.0,-2,20,5.972878143239084,0.16556765670995457,34.23761996127102
21,2048,32.0,-2,21,6.211375785069554,0.17220032287141196,33.19789230928471
22,2048,32.0,-2,22,6.443461449154586,0.17865665876137596,32.19780447968995
23,2048,32.0,-2,23,6.668691143280634,0.184939367723649,31.236119314338985
24,2048,32.0,-2,24,6.887789749717862,0.19105167739765314,30.31149529684513
25,2048,32.0,-2,25,7.10113250303913,0.196997263221566,29.42250677347412
26,2048,32.0,-2,26,7.308258892807871,0.2027801776693566,28.567663301747864
27,2048,32.0,-2,27,7.508922367804939,0.20840478465801396,27.74542826258996
28,2048,32.0,-2,28,7.703959689157152,0.21387569859899078,26.95423680152451
29,2048,32.0,-2,29,7.893254252013501,0.2191977276918768,26.192512992225872
30,2048,32.0,-2,30,8.077407547088464,0.22437582117516774,25.458686055314104
31,2048,32.0,-2,31,8.255626087975589,0.2294150203716096,24.7512054010069
32,2048,32.0,-2,32,8.428299915919258,0.23432041346032823,24.0685542715715
33,2048,32.0,-2,33,8.596494031205008,0.23909709398419013,23.40926178111745
34,2048,32.0,-2,34,8.761312250221849,0.2437501231466088,22.771913199088623
35,2048,32.0,-2,35,8.921622128460442,0.2482844959654643,22.15515839809452
36,2048,32.0,-2,36,9.077244364978325,0.25270511135920154,21.557718427789
37,2048,32.0,-2,37,9.22918973506505,0.25701674615675346,20.97839029805077
38,2048,32.0,-2,38,9.377118263418353,0.26122403303511127,20.416050055487176
39,2048,32.0,-2,39,9.522615450187192,0.26533144226823124,19.869654391745215
40,2048,32.0,-2,40,9.665309438861392,0.26934326715205353,19.338240800265446
41,2048,32.0,-2,41,9.80568023789407,0.27326361284903367,18.820926743895754
42,2048,32.0,-2,42,9.942795577344231,0.27709638841324963,18.316907851215745
43,2048,32.0,-2,43,10.076806786917436,0.28084530167458854,17.825455419146365
44,2048,32.0,-2,44,10.20786071839793,0.2845138566600573,17.345913383615105
45,2048,32.0,-2,45,10.336416261263857,0.2881053532252748,16.877694905238805
46,2048,32.0,-2,46,10.462348454647234,0.29162288858109214,16.420278687523975
47,2048,32.0,-2,47,10.584953119440806,0.29506936042265147,15.973205117502815
48,2048,32.0,-2,48,10.704563591706112,0.2984474713969994,15.536072295427516
49,2048,32.0,-2,49,10.822004862843002,0.30175973467669964,15.108532001527017
50,2048,32.0,-2,50,10.936616086453462,0.30500848043719814,14.690285633821944
51,2048,32.0,-2,51,11.048617161088309,0.3081958630629448,14.281080171768807
52,2048,32.0,-2,52,11.158388327949979,0.3113238689412679,13.880704110771283
53,2048,32.0,-2,53,11.267246691783692,0.31439432469064393,13.488983500474845
54,2048,32.0,-2,54,11.374605089316228,0.31740890573473124,13.105778016445214
55,2048,32.0,-2,55,11.47979772657954,0.3203691451093941,12.730977115965146
56,2048,32.0,-2,56,11.583059378294344,0.3232764424202667,12.364496279587549
57,2048,32.0,-2,57,11.685331019956786,0.32613207288117235,12.006273359807551
58,2048,32.0,-2,58,11.785774763066218,0.3289371963677173,11.656264998254102
59,2048,32.0,-2,59,11.884411732620569,0.33169286646159274,11.314443161916387
60,2048,32.0,-2,60,11.981888788209467,0.3344000394375611,10.980791754552428
61,2048,32.0,-2,61,12.077223173666416,0.337059583185227,10.655303316920566
62,2048,32.0,-2,62,12.171535604367449,0.33967228605344424,10.337975815448274
63,2048,32.0,-2,63,12.264861728172129,0.34223886561026834,10.02880952915298
64,2048,32.0,-2,64,12.356911591747753,0.3447599773089985,9.72780405302408
65,2048,32.0,-2,65,12.447559116304435,0.3472362230424986,9.434955455038867
66,2048,32.0,-2,66,12.536654418036125,0.3496681595603631,9.150253604109928
67,2048,32.0,-2,67,12.624074777205927,0.352056306696086,8.873679757130148
68,2048,32.0,-2,68,12.709894153890122,0.35440115535906996,8.605204392877454
69,2048,32.0,-2,69,12.794468376423932,0.3567031751994298,8.344785404874393
70,2048,32.0,-2,70,12.877963491618736,0.3589628218758509,8.092366650044376
71,2048,32.0,-2,71,12.960261342148296,0.36118054382823134,7.847876906855639
72,2048,32.0,-2,72,13.041072704331173,0.36335678846945446,7.611229244545399
73,2048,32.0,-2,73,13.120448612101944,0.3654920077080937,7.382320822630511
74,2048,32.0,-2,74,13.198402583222382,0.3675866627384924,7.161033092920178
75,2048,32.0,-2,75,13.2752876757081,0.3696412280444507,6.947232378645353
76,2048,32.0,-2,76,13.350680013109855,0.3716561945877594,6.740770790843051
77,2048,32.0,-2,77,13.424509177730098,0.37363207217893646,6.541487417376615
78,2048,32.0,-2,78,13.496377429724179,0.37556939104356446,6.3492097441476005
79,2048,32.0,-2,79,13.566786296131413,0.3774687026298901,6.1637552229495896
80,2048,32.0,-2,80,13.635673141795007,0.37933057971437434,5.984932945472522
81,2048,32.0,-2,81,13.70342269600532,0.38115561588012514,5.8125453525370006
82,2048,32.0,-2,82,13.769841256975642,0.38294442445315685,5.646389932007338
83,2048,32.0,-2,83,13.83487394928964,0.3846976369874399,5.486260860700305
84,2048,32.0,-2,84,13.898671194820587,0.38641590139200066,5.331950554507529
85,2048,32.0,-2,85,13.96119207910491,0.38809987978817995,5.183251101005574
86,2048,32.0,-2,86,14.022212691984866,0.3897502461881476,5.039955554709898
87,2048,32.0,-2,87,14.081995636683027,0.39136768406731354,4.901859085103496
88,2048,32.0,-2,88,14.14093338795248,0.3929528839026089,4.768759973546302
89,2048,32.0,-2,89,14.198968842206,0.3945065407357945,4.6404604581369355
90,2048,32.0,-2,90,14.255765407689449,0.3960293518097527,4.516767434912069
91,2048,32.0,-2,91,14.311352759905997,0.3975220143178877,4.397493022212231
92,2048,32.0,-2,92,14.365874918537338,0.3989852232960833,4.282454997184118
93,2048,32.0,-2,93,14.419555510716041,0.4004196696756208,4.171477123415173
94,2048,32.0,-2,94,14.472095901956433,0.4018260385157789,4.064389372953869
95,2048,32.0,-2,95,14.523476925056494,0.4032050074174604,3.9610280626692145
96,2048,32.0,-2,96,14.573785298086188,0.40455724512201446,3.86123591441671
97,2048,32.0,-2,97,14.622993321663378,0.40588341029170866,3.7648620511759603
98,2048,32.0,-2,98,14.671221481611074,0.40718415046546547,3.6717619399549832
99,2048,32.0,-2,99,14.718655003948186,0.4084601011809439,3.5817972911989457
100,2048,32.0,-2,100,14.765118169852997,0.40971188525226654,3.494835923427516
101,2048,32.0,-2,101,14.810783817065742,0.41094011219155707,3.41075160073936
102,2048,32.0,-2,102,14.855596451091772,0.4121453777618473,3.3294238498033764
103,2048,32.0,-2,103,14.899997635830552,0.41332826364873265,3.250737762024329
104,2048,32.0,-2,104,14.94359642123794,0.4144893372383107,3.174583785104339
105,2048,32.0,-2,105,14.986289850606214,0.41562915148901836,3.100857511387403
106,2048,32.0,-2,106,15.028112197873257,0.41674824488756146,3.0294594577726173
107,2048,32.0,-2,107,15.06928990945761,0.4178471414747856,2.9602948513429084
108,2048,32.0,-2,108,15.109676998696395,0.4189263509349933,2.893273412671512
109,2048,32.0,-2,109,15.149279713015511,0.41998636873756956,2.828309151219152
110,2048,32.0,-2,110,15.188088191521977,0.42102767632406307,2.7653201503423404
111,2048,32.0,-2,111,15.226173747155404,0.42205074133119136,2.70422837404157
112,2048,32.0,-2,112,15.263589405201564,0.42305601784502583,2.6449594726435635
113,2048,32.0,-2,113,15.300278829354125,0.4240439466795218,2.5874425973948973
114,2048,32.0,-2,114,15.336323362175689,0.4250149556743342,2.531610222662266
115,2048,32.0,-2,115,15.371714151507671,0.42596946000734465,2.477397975908602
116,2048,32.0,-2,116,15.406437211554266,0.4269078625179168,2.4247444754730623
117,2048,32.0,-2,117,15.440518809564086,0.4278305540374413,2.37359117328333
118,2048,32.0,-2,118,15.473963085335495,0.4287379137244452,2.3238822194617725
119,2048,32.0,-2,119,15.506768499519314,0.4296303094005094,2.275564305644025
120,2048,32.0,-2,120,15.538999101097154,0.43050809788753874,2.228586544445733
121,2048,32.0,-2,121,15.57067369345657,0.4313716253417145,2.182900341328029
122,2048,32.0,-2,122,15.601751172626207,0.43222122758419507,2.1384592760927603
123,2048,32.0,-2,123,15.632224988673197,0.4330572304270113,2.095218990790457
124,2048,32.0,-2,124,15.662105036580302,0.43387994999316415,2.0531370837265897
125,2048,32.0,-2,125,15.691404076596207,0.4346896930301339,2.01217300929833
126,2048,32.0,-2,126,15.720430472455874,0.43548675721618135,1.972287983092329
127,2048,32.0,-2,127,15.74907342086672,0.43627143145849906,1.9334448935266408
128,2048,32.0,-2,128,15.777263320386066,0.437043996185289,1.8956082158338745
129,2048,32.0,-2,129,15.80491536151344,0.4378047236265609,1.8587439333692473
130,2048,32.0,-2,130,15.83204304058875,0.4385538780886114,1.8228194620288178
131,2048,32.0,-2,131,15.858777285321954,0.4392917162194885,1.7878035791046258
132,2048,32.0,-2,132,15.885081457758758,0.440018487265979,1.753666356091216
133,2048,32.0,-2,133,15.910897096211919,0.4407344333221658,1.7203790952023041
134,2048,32.0,-2,134,15.936236167334211,0.441439789569647,1.6879142693865816
135,2048,32.0,-2,135,15.961129202464535,0.44213478450954435,1.6562454656506418
136,2048,32.0,-2,136,15.985584226399084,0.442819640186455,1.625347331472618
137,2048,32.0,-2,137,16.00967450284144,0.443494572404526,1.5951955241403653
138,2048,32.0,-2,138,16.033342724034142,0.4441597909358435,1.5657666628467695
139,2048,32.0,-2,139,16.05668451005235,0.4448154997213472,1.5370382833665843
140,2048,32.0,-2,140,16.07964775023825,0.4454618970644848,1.50898879516987
141,2048,32.0,-2,141,16.10226761404131,0.4460991758178291,1.4815974408295887
142,2048,32.0,-2,142,16.12453434902587,0.44672752356288564,1.454844257589798
143,2048,32.0,-2,143,16.1464922977979,0.4473471227833169,1.4287100409607234
144,2048,32.0,-2,144,16.168091878682358,0.44795815103181097,1.4031763102358923
145,2048,32.0,-2,145,16.18935593317352,0.4485607810908198,1.3782252758014124
146,2048,32.0,-2,146,16.210376258166214,0.4491551811273901,1.3538398081531113
147,2048,32.0,-2,147,16.231045501575736,0.44974151484230296,1.3300034085101728
148,2048,32.0,-2,148,16.251367031573352,0.4503199416137382,1.3067001809306902
149,2048,32.0,-2,149,16.27134859623805,0.4508906166356708,1.2839148058622953
150,2048,32.0,-2,150,16.290997728915833,0.45145369105120137,1.2616325150177587
151,2048,32.0,-2,151,16.31032175522862,0.45200931208101697,1.239839067532941
152,2048,32.0,-2,152,16.329332021122255,0.4525576231471733,1.2185207273041812
153,2048,32.0,-2,153,16.348088763165528,0.45309876399238197,1.1976642414554561
154,2048,32.0,-2,154,16.366768754786435,0.45363287079497916,1.1772568198750264
155,2048,32.0,-2,155,16.385235557233877,0.4541600762797468,1.1572861157533936
156,2048,32.0,-2,156,16.403424137873237,0.45468050982475194,1.1377402070692924
157,2048,32.0,-2,157,16.421334846766808,0.45519429756436086,1.1186075789700851
158,2048,32.0,-2,158,16.43898503534947,0.4557015624885806,1.0998771070136684
159,2048,32.0,-2,159,16.45639525927112,0.45620242453887366,1.0815380411939515
160,2048,32.0,-2,160,16.473575651772656,0.4566970007005861,1.0635799907419567
161,2048,32.0,-2,161,16.490542623797324,0.4571854050921226,1.0459929096323606
162,2048,32.0,-2,162,16.507261199374867,0.45766774905099766,1.028767082677419
163,2048,32.0,-2,163,16.523723749478453,0.4581441412160434,1.0118931127819124
164,2048,32.0,-2,164,16.53995065010436,0.4586146876101952,0.9953619077477427
165,2048,32.0,-2,165,16.555933309087997,0.45907949171517,0.9791646687357911
166,2048,32.0,-2,166,16.571675356046327,0.45953865454715004,0.9632928787199191
167,2048,32.0,-2,167,16.587201896960238,0.45999227472896154,0.9477382915942201
168,2048,32.0,-2,168,16.602584877007715,0.46044044855979616,0.9324929217404616
169,2048,32.0,-2,169,16.617953315109634,0.4608832700825686,0.9175490340930992
170,2048,32.0,-2,170,16.63316236503655,0.46132083114900196,0.9028991346315749
171,2048,32.0,-2,171,16.648200716417485,0.4617532214825289,0.8885359612992687
172,2048,32.0,-2,172,16.66305234039293,0.46218052873908966,0.8744524753201759
173,2048,32.0,-2,173,16.67769112032757,0.46260283856591006,0.8606418528954833
174,2048,32.0,-2,174,16.692123510255385,0.4630202346583318,0.8470974772728326
175,2048,32.0,-2,175,16.706401364225563,0.4634327988147733,0.8338129311323215
176,2048,32.0,-2,176,16.720526566131575,0.4638406109898861,0.8207819893326871
177,2048,32.0,-2,177,16.734611657406738,0.46424374934597756,0.8079986119416844
178,2048,32.0,-2,178,16.748564653877335,0.46464229030276344,0.7954569375743787
179,2048,32.0,-2,179,16.762466367831177,0.46503630858551015,0.7831512770111786
180,2048,32.0,-2,180,16.776238284507357,0.465425877271629,0.7710761070765102
181,2048,32.0,-2,181,16.78984023456537,0.4658110678357767,0.7592260647868443
182,2048,32.0,-2,182,16.80326677336889,0.46619195019351656,0.7475959417283917
183,2048,32.0,-2,183,16.816586795051364,0.4665685927435935,0.7361806775547919
184,2048,32.0,-2,184,16.8297913089092,0.4669410624076004,0.7249753579746567
185,2048,32.0,-2,185,16.842884286504443,0.46730942467211883,0.7139752083414663
186,2048,32.0,-2,186,16.85585476595505,0.46767374362744596,0.7031755854840469
187,2048,32.0,-2,187,16.868675144378155,0.46803408200178764,0.6925719772884946
188,2048,32.0,-2,188,16.881327931916864,0.4683905011987808,0.6821599970019605
189,2048,32.0,-2,189,16.893831005405247,0.46874306133243265,0.6719353790212139
190,2048,32.0,-2,190,16.906203033523305,0.46909182126098153,0.6618939748485246
191,2048,32.0,-2,191,16.918433185043753,0.46943683861972,0.6520317489928473
192,2048,32.0,-2,192,16.930517887909083,0.46977816985216025,0.6423447761162961
193,2048,32.0,-2,193,16.942498220065616,0.4701158702429487,0.6328292361144037
194,2048,32.0,-2,194,16.954375226555694,0.47044999394559833,0.6234814115666794
195,2048,32.0,-2,195,16.96616406276133,0.4707805940122785,0.6142976841862762
196,2048,32.0,-2,196,16.9778588648187,0.47110772242195487,0.6052745316330856
197,2048,32.0,-2,197,16.98944954531276,0.47143143010768757,0.5964085244450033
198,2048,32.0,-2,198,17.00091216803078,0.4717517669831154,0.5876963230831009
199,2048,32.0,-2,199,17.012246323078013,0.472068781968153,0.5791346750822584
200,2048,32.0,-2,200,17.023469472586367,0.47238252301392863,0.5707204123226575
201,2048,32.0,-2,201,17.034561937434376,0.47269303712698635,0.5624504483835935
202,2048,32.0,-2,202,17.045546622440586,0.4730003703927788,0.554321776012074
203,2048,32.0,-2,203,17.056449325841154,0.4733045679984725,0.5463314646694926
204,2048,32.0,-2,204,17.06724526617908,0.47360567425508965,0.538476658174126
205,2048,32.0,-2,205,17.077912953742498,0.4739037326190072,0.5307545724351925
206,2048,32.0,-2,206,17.08845503012759,0.47419878571283486,0.5231624928928511
207,2048,32.0,-2,207,17.098871976057154,0.47449087534547985,0.5156977738587614
208,2048,32.0,-2,208,17.10919481059971,0.4747800425324162,0.5083578342957651
209,2048,32.0,-2,209,17.119440706306662,0.475066327514321,0.5011401573066223
210,2048,32.0,-2,210,17.129568910835488,0.4753497697757964,0.49404228788427673
211,2048,32.0,-2,211,17.139617531508435,0.47563040806343193,0.48706183107307766
212,2048,32.0,-2,212,17.149593282373942,0.47590828040335603,0.4801964502000544
213,2048,32.0,-2,213,17.159454110378096,0.4761834241182947,0.4734438651771953
214,2048,32.0,-2,214,17.169201734949347,0.47645587584415083,0.46680185084454706
215,2048,32.0,-2,215,17.17885001816385,0.4767256715461216,0.4602682353897407
216,2048,32.0,-2,216,17.188411670789748,0.4769928465343671,0.4538408988069307
217,2048,32.0,-2,217,17.197889895084636,0.4772574354792442,0.4475177714101406
218,2048,32.0,-2,218,17.20730640996981,0.47751947242612075,0.44129683240730344
219,2048,32.0,-2,219,17.21662411925071,0.4777789908097817,0.43517610849955446
220,2048,32.0,-2,220,17.225837427348445,0.47803602346844043,0.4291536725556284
221,2048,32.0,-2,221,17.23494784464516,0.47829060265736806,0.4232276423086958
222,2048,32.0,-2,222,17.243956853507953,0.4785427600621509,0.4173961791033136
223,2048,32.0,-2,223,17.25286590893309,0.4787925268115903,0.41165748668422
224,2048,32.0,-2,224,17.261676439172653,0.47903993349025253,0.40600981002616265
225,2048,32.0,-2,225,17.270389846344273,0.4792850101506826,0.40045143419438034
226,2048,32.0,-2,226,17.279024415677068,0.47952778632528964,0.3949806832549072
227,2048,32.0,-2,227,17.28758900369835,0.4797682910379155,0.389595919200346
228,2048,32.0,-2,228,17.29606030662063,0.48000655281509574,0.38429554093251284
229,2048,32.0,-2,229,17.3044396280412,0.48024259969702204,0.3790779832611193
230,2048,32.0,-2,230,17.3127391345051,0.48047645924821525,0.3739417159388765
231,2048,32.0,-2,231,17.32096348595604,0.4807081585679175,0.3688852427324747
232,2048,32.0,-2,232,17.3290994744372,0.4809377243002124,0.3639071005096923
233,2048,32.0,-2,233,17.337179615595844,0.4811651826438812,0.3590058583720861
234,2048,32.0,-2,234,17.345211524625114,0.48139055936200126,0.35418011679828965
235,2048,32.0,-2,235,17.353158223434022,0.48161387979129777,0.3494285068246086
236,2048,32.0,-2,236,17.361021502995122,0.48183516885125255,0.34474968924999416
237,2048,32.0,-2,237,17.368847257137766,0.48205445105297956,0.3401423538526984
238,2048,32.0,-2,238,17.376590897867487,0.4822717505078717,0.33560521865483395
239,2048,32.0,-2,239,17.384263813953226,0.48248709093602854,0.3311370291835516
240,2048,32.0,-2,240,17.39190031275762,0.48270049567446843,0.32673655777126953
241,2048,32.0,-2,241,17.399457674706206,0.4829119876851331,0.32240260286801714
242,2048,32.0,-2,242,17.406936943060632,0.48312158956269,0.3181339883868546
243,2048,32.0,-2,243,17.41433914358531,0.4833293235421385,0.31392956304760133
244,2048,32.0,-2,244,17.421665284912514,0.48353521150622547,0.309788199763922
245,2048,32.0,-2,245,17.42891635889838,0.48373927499267577,0.3057087950287496
246,2048,32.0,-2,246,17.43609334097006,0.48394153520124344,0.30169026832833623
247,2048,32.0,-2,247,17.443197190464225,0.48414201300058657,0.2977315615717373
248,2048,32.0,-2,248,17.450228850957267,0.48434072893497476,0.2938316385391886
249,2048,32.0,-2,249,17.457189250587348,0.4845377032308302,0.2899894843399622
250,2048,32.0,-2,250,17.464079302368546,0.4847329558031081,0.2862041048857833
251,2048,32.0,-2,251,17.470899904497372,0.484926506261523,0.2824745263903239
252,2048,32.0,-2,252,17.47765217137387,0.48511837391662266,0.2787997948702099
253,2048,32.0,-2,253,17.484368030913416,0.48530857778571446,0.27517897567182814
254,2048,32.0,-2,254,17.491032941053945,0.48549713659864935,0.2716111529984744
255,2048,32.0,-2,255,17.497641927695234,0.48568406880346754,0.2680954294615674
256,2048,32.0,-2,256,17.504185384444675,0.48586939257190687,0.26463092563981405
257,2048,32.0,-2,257,17.510664128671767,0.4860531258047819,0.2612167796507876
258,2048,32.0,-2,258,17.51707896488287,0.48623528613723355,0.257852146737207
259,2048,32.0,-2,259,17.52343068497279,0.4864158909438557,0.2545361988648125
260,2048,32.0,-2,260,17.52972408496209,0.48659495734369956,0.25126812431965106
261,2048,32.0,-2,261,17.536018044841228,0.48677250220516155,0.24804712733907763
262,2048,32.0,-2,262,17.5422599051574,0.4869485421507559,0.2448724277308969
263,2048,32.0,-2,263,17.54845796034708,0.48712309356177647,0.24174326051362982
264,2048,32.0,-2,264,17.55462459071755,0.48729617258284963,0.2386588755680492
265,2048,32.0,-2,265,17.560740088490977,0.48746779512638266,0.23561853728978122
266,2048,32.0,-2,266,17.566797002339552,0.48763797687690835,0.23262152426323723
267,2048,32.0,-2,267,17.57279603512042,0.4878067332953308,0.22966712893069996
268,2048,32.0,-2,268,17.578737879075316,0.48797407962307354,0.22675465728308097
269,2048,32.0,-2,269,17.584623216029968,0.48814003088613267,0.22388342854560506
270,2048,32.0,-2,270,17.59045271758898,0.4883046018990394,0.22105277488540764
271,2048,32.0,-2,271,17.59624956152458,0.4884678072687305,0.2182620411224221
272,2048,32.0,-2,272,17.601999219962934,0.4886296613983341,0.215510584436025
273,2048,32.0,-2,273,17.60769477306994,0.488790178490868,0.21279777409883138
274,2048,32.0,-2,274,17.613336855026297,0.4889493725528572,0.21012299120505418
275,2048,32.0,-2,275,17.618926090694714,0.4891072573978699,0.20748562840981322
276,2048,32.0,-2,276,17.624463095789913,0.48926384664997435,0.2048850896686929
277,2048,32.0,-2,277,17.629948477045005,0.48941915374712053,0.20232078999854508
278,2048,32.0,-2,278,17.635382832374116,0.4895731919444465,0.19979215523011362
279,2048,32.0,-2,279,17.6407667510315,0.4897259743175118,0.1972986217741095
280,2048,32.0,-2,280,17.646100813767134,0.48987751376546107,0.1948396363866678
281,2048,32.0,-2,281,17.651403796313886,0.490027823014118,0.19241465595573004
282,2048,32.0,-2,282,17.65666114153197,0.4901769146190124,0.19002314727405434
283,2048,32.0,-2,283,17.66187020521999,0.4903248009683414,0.1876645868291149
284,2048,32.0,-2,284,17.667047344142333,0.49047149428586734,0.18533846059588654
285,2048,32.0,-2,285,17.672201056968966,0.49061700663375307,0.1830442638366776
286,2048,32.0,-2,286,17.67731880831537,0.49076134991533704,0.1807815009034215
287,2048,32.0,-2,287,17.68239004343355,0.4909045358778486,0.1785496850401671
288,2048,32.0,-2,288,17.687415283419668,0.49104657611506614,0.1763483382065445
289,2048,32.0,-2,289,17.692395042115855,0.49118748206991897,0.17417699088063898
290,2048,32.0,-2,290,17.697340281789494,0.49132726503703417,0.17203518189523237
291,2048,32.0,-2,291,17.702250894198794,0.4914659361652302,0.1699224582557619
292,2048,32.0,-2,292,17.707125780998688,0.4916035064599584,0.1678383749692145
293,2048,32.0,-2,293,17.711961298934195,0.49173998678569303,0.16578249488448193
294,2048,32.0,-2,294,17.71675402182133,0.49187538786827284,0.16375438852604418
295,2048,32.0,-2,295,17.721518357176272,0.4920097202971932,0.1617536339404495
296,2048,32.0,-2,296,17.72626406947233,0.49214299452785104,0.15977981653881557
297,2048,32.0,-2,297,17.73096779832666,0.4922752208837446,0.15783252894489408
298,2048,32.0,-2,298,17.735634925370494,0.4924064095586278,0.15591137085691997
299,2048,32.0,-2,299,17.740278928240244,0.49253657061861983,0.1540159488935231
300,2048,32.0,-2,300,17.744905514049744,0.49266571400427317,0.1521458764666761
301,2048,32.0,-2,301,17.74949166632069,0.4927938495325999,0.15030077362914795
302,2048,32.0,-2,302,17.754037817390607,0.49292098689905545,0.1484802669573071
303,2048,32.0,-2,303,17.758550766046607,0.4930471356794844,0.14668398941137184
304,2048,32.0,-2,304,17.763030323162262,0.4931723053320269,0.14491158021175465
305,2048,32.0,-2,305,17.767472940562847,0.4932965051989866,0.14316268471048943
306,2048,32.0,-2,306,17.77187719062994,0.49341974450866194,0.14143695427920022
307,2048,32.0,-2,307,17.776243477636267,0.4935420323771413,0.139734046181772
308,2048,32.0,-2,308,17.780589049344904,0.4936633778100626,0.1380536234600669
309,2048,32.0,-2,309,17.784915515140618,0.49378378970433834,0.13639535482847265
310,2048,32.0,-2,310,17.789204945568628,0.4939032768498474,0.13475891455176736
311,2048,32.0,-2,311,17.79345772647531,0.4940218479310932,0.13314398234528113
312,2048,32.0,-2,312,17.79767423876755,0.49413951152883007,0.13155024326682252
313,2048,32.0,-2,313,17.801854858490586,0.49425627612165857,0.12997738761557542
314,2048,32.0,-2,314,17.80599995690434,0.49437215008758906,0.12842511082560293
315,2048,32.0,-2,315,17.8101099005583,0.49448714170557645,0.12689311337516784
316,2048,32.0,-2,316,17.814185051364973,0.49460125915702485,0.12538110068385322
317,2048,32.0,-2,317,17.818225766671937,0.49471451052726373,0.12388878302109418
318,2048,32.0,-2,318,17.82223239933257,0.4948269038069963,0.12241587541548427
319,2048,32.0,-2,319,17.826205297775374,0.4949384468937203,0.12096209756024479
320,2048,32.0,-2,320,17.83015249215679,0.4950491475931224,0.11952717372952293
321,2048,32.0,-2,321,17.83406672799711,0.4951590136204456,0.11811083269021339
322,2048,32.0,-2,322,17.837948218038306,0.49526805260183215,0.11671280761746061
323,2048,32.0,-2,323,17.84179729372719,0.495376272075641,0.11533283601677624
324,2048,32.0,-2,324,17.84561428241479,0.49548367949373995,0.11397065963060271
325,2048,32.0,-2,325,17.84940323439647,0.4955902822227762,0.11262602437872005
326,2048,32.0,-2,326,17.85317260856097,0.49569608754542044,0.1112986802620739
327,2048,32.0,-2,327,17.856910717857062,0.4958011026615909,0.10998838129951594
328,2048,32.0,-2,328,17.860617874942086,0.49590533468965364,0.10869488544759776
329,2048,32.0,-2,329,17.864294388670977,0.4960087906676011,0.1074179545370555
330,2048,32.0,-2,330,17.867946989962856,0.4961114775542092,0.10615735418681282
331,2048,32.0,-2,331,17.871586844714106,0.4962134022301738,0.10491285374813941
332,2048,32.0,-2,332,17.875196833388685,0.4963145714992272,0.10368422623221107
333,2048,32.0,-2,333,17.87877725075607,0.49641499208923306,0.10247124824300613
334,2048,32.0,-2,334,17.882328388055267,0.49651467065326366,0.10127369991285917
335,2048,32.0,-2,335,17.88585541099068,0.4966136137706564,0.10009136483675007
336,2048,32.0,-2,336,17.889354911582764,0.49671182794805246,0.09892403001784089
337,2048,32.0,-2,337,17.89282594452143,0.4968093196204169,0.09777148579127015
338,2048,32.0,-2,338,17.89626878776859,0.49690609515204065,0.09663352578351692
339,2048,32.0,-2,339,17.899683716000723,0.4970021608375249,0.09550994683915093
340,2048,32.0,-2,340,17.903071000656073,0.49709752290274833,0.09440054896826666
341,2048,32.0,-2,341,17.90643286431135,0.4971921875058182,0.09330513529305051
342,2048,32.0,-2,342,17.909771525211077,0.4972861607380035,0.09222351198792467
343,2048,32.0,-2,343,17.913098140481637,0.497379448624653,0.09115548822588693
344,2048,32.0,-2,344,17.916406107513687,0.49747205712609743,0.09010087613815188
345,2048,32.0,-2,345,17.919688170479162,0.49756399213853564,0.08905949073797359
346,2048,32.0,-2,346,17.92294393613667,0.49765525949490663,0.08803114989385108
347,2048,32.0,-2,347,17.926173850594846,0.4977458649657449,0.08701567426682999
348,2048,32.0,-2,348,17.92939490514553,0.4978358142600238,0.08601288726599421
349,2048,32.0,-2,349,17.93259030903193,0.4979251130259819,0.08502261500173347
350,2048,32.0,-2,350,17.935760305973975,0.49801376685193766,0.08404468623259476
351,2048,32.0,-2,351,17.938905136908414,0.49810178126708926,0.08307893232752406
352,2048,32.0,-2,352,17.94202504002714,0.498189161742301,0.08212518721679629
353,2048,32.0,-2,353,17.945137661658872,0.4982759136908777,0.08118328734877878
354,2048,32.0,-2,354,17.948230574364178,0.4983620424693245,0.08025307164739104
355,2048,32.0,-2,355,17.951299133053894,0.4984475533780956,0.07933438147000516
356,2048,32.0,-2,356,17.954343565968728,0.4985324516623299,0.07842706056243287
357,2048,32.0,-2,357,17.957364098784687,0.49861674251257454,0.07753095502600615
358,2048,32.0,-2,358,17.96036095464781,0.49870043106549716,0.07664591326393833
359,2048,32.0,-2,359,17.96333564810116,0.49878352240458584,0.075771785962651
360,2048,32.0,-2,360,17.96629425171203,0.4988660215608381,0.0749084260317403
361,2048,32.0,-2,361,17.969229769639323,0.4989479335134385,0.0740556885816872
362,2048,32.0,-2,362,17.972142415700517,0.4990292631904257,0.07321343088383969
363,2048,32.0,-2,363,17.975034776803863,0.49911001546934797,0.07238151232559176
364,2048,32.0,-2,364,17.977910766617594,0.4991901951779092,0.0715597943864239
365,2048,32.0,-2,365,17.980764462401588,0.4992698070946039,0.0707481405976651
366,2048,32.0,-2,366,17.983596068954128,0.49934885594934253,0.06994641650733513
367,2048,32.0,-2,367,17.986405788828158,0.4994273464240662,0.0691544896501668
368,2048,32.0,-2,368,17.98919382236079,0.49950528315335263,0.068372229510679
369,2048,32.0,-2,369,17.99196036770223,0.4995826707250117,0.06759950749188448
370,2048,32.0,-2,370,17.994705620844382,0.4996595136806728,0.06683619689263764
371,2048,32.0,-2,371,17.997429775648893,0.49973581651636095,0.06608217285980089
372,2048,32.0,-2,372,18.000133023874838,0.49981158368306644,0.06533731236859808
373,2048,32.0,-2,373,18.00281555520591,0.4998868195873036,0.06460149419912398
374,2048,32.0,-2,374,18.00547755727726,0.4999615285916623,0.06387459888340175
375,2048,32.0,-2,375,18.008119215701843,0.50003571501535,0.06315650870710954
376,2048,32.0,-2,376,18.01074071409642,0.5001093831347259,0.062447107658101686
377,2048,32.0,-2,377,18.013342234107135,0.5001825371838269,0.06174628140826144
378,2048,32.0,-2,378,18.015923955434687,0.5002551813548854,0.06105391728346632
379,2048,32.0,-2,379,18.01848605585913,0.5003273197988398,0.060369904243401606
380,2048,32.0,-2,380,18.021028711264332,0.5003989566258357,0.05969413284337577
381,2048,32.0,-2,381,18.023552095661984,0.5004700959057218,0.05902649521942038
382,2048,32.0,-2,382,18.026056381215312,0.5005407416685363,0.05836688505404197
383,2048,32.0,-2,383,18.028541738262387,0.5006108979049871,0.05771519756736865
384,2048,32.0,-2,384,18.031008335339138,0.5006805685669248,0.057071329467547116
385,2048,32.0,-2,385,18.033458484987275,0.5007497575678076,0.05643517894962713
386,2048,32.0,-2,386,18.03589285915876,0.500818468783161,0.05580664565762561
387,2048,32.0,-2,387,18.038308935712223,0.5008867060510295,0.055185630673399544
388,2048,32.0,-2,388,18.040706876458295,0.5009544731724218,0.05457203648436604
389,2048,32.0,-2,389,18.04308684151237,0.5010217739117491,0.053965766962647876
390,2048,32.0,-2,390,18.04544898931568,0.5010886119972585,0.05336672734645731
391,2048,32.0,-2,391,18.047793476655983,0.5011549911214583,0.05277482421587365
392,2048,32.0,-2,392,18.050120458688014,0.5012209149415379,0.05218996547850452
393,2048,32.0,-2,393,18.052430088953592,0.5012863870797817,0.051612060336154286
394,2048,32.0,-2,394,18.054722519401473,0.5013514111239766,0.05104101927437199
395,2048,32.0,-2,395,18.05699790040689,0.5014159906278141,0.05047675404232166
396,2048,32.0,-2,396,18.05925682121179,0.5014801291112861,0.049919177621603694
397,2048,32.0,-2,397,18.061505693192835,0.5015438300610758,0.04936820422854282
398,2048,32.0,-2,398,18.06373792588616,0.5016070969309422,0.04882374926997812
399,2048,32.0,-2,399,18.06595366365839,0.5016699331420991,0.04828572934711417
400,2048,32.0,-2,400,18.068153049396678,0.5017323420835897,0.047754062219624416
401,2048,32.0,-2,401,18.070336224526546,0.5017943271126551,0.047228666796655716
402,2048,32.0,-2,402,18.072503329029573,0.5018558915550977,0.04670946312210589
403,2048,32.0,-2,403,18.074654501460753,0.5019170387056396,0.04619637234736729
404,2048,32.0,-2,404,18.07678987896566,0.501977771828276,0.04568931672192633
405,2048,32.0,-2,405,18.078909597297326,0.5020380941566233,0.045188219573745414
406,2048,32.0,-2,406,18.081013790832895,0.5020980088942633,0.04469300529280673
407,2048,32.0,-2,407,18.083102592590066,0.5021575192150817,0.04420359931629747
408,2048,32.0,-2,408,18.085176134243273,0.5022166282636021,0.04371992811012859
409,2048,32.0,-2,409,18.087234546139626,0.5022753391553152,0.04324191915596032
410,2048,32.0,-2,410,18.089277957314696,0.5023336549770047,0.04276950093415621
411,2048,32.0,-2,411,18.09130803735843,0.5023915787870672,0.042302602908662834
412,2048,32.0,-2,412,18.093326870203718,0.5024491136158287,0.041841155513893113
413,2048,32.0,-2,413,18.09533256202579,0.5025062624658553,0.04138509013439773
414,2048,32.0,-2,414,18.097323737381465,0.5025630283122625,0.04093433910127686
415,2048,32.0,-2,415,18.099300519013582,0.5026194141030176,0.0404888356662525
416,2048,32.0,-2,416,18.101263028442737,0.5026754227592392,0.040048513993880874
417,2048,32.0,-2,417,18.103211385981595,0.5027310571754928,0.03961330915062433
418,2048,32.0,-2,418,18.105145710749,0.5027863202200816,0.03918315708173026
419,2048,32.0,-2,419,18.107066120683886,0.5028412147353344,0.03875799461029317
420,2048,32.0,-2,420,18.10897273255901,0.5028957435378891,0.03833775941096462
421,2048,32.0,-2,421,18.11086566199449,0.5029499094189727,0.03792239000959796
422,2048,32.0,-2,422,18.112745023471128,0.503003715144677,0.03751182576252887
423,2048,32.0,-2,423,18.11461093034361,0.5030571634562315,0.03710600685112553
424,2048,32.0,-2,424,18.116463494853477,0.5031102570702722,0.03670487425526403
425,2048,32.0,-2,425,18.118302828141964,0.5031629986791067,0.036308369764611825
426,2048,32.0,-2,426,18.120129040262604,0.5032153909509763,0.0359164359422266
427,2048,32.0,-2,427,18.12194224019376,0.5032674365303146,0.03552901613254278
428,2048,32.0,-2,428,18.12374253585086,0.5033191380380021,0.03514605443545804
429,2048,32.0,-2,429,18.125533597513183,0.5033704980716186,0.034767495704905116
430,2048,32.0,-2,430,18.127312273752153,0.5034215192056909,0.03439328553429277
431,2048,32.0,-2,431,18.129078516391484,0.5034722039919391,0.034023370244447904
432,2048,32.0,-2,432,18.130837887812042,0.5035225549595178,0.033657696876502996
433,2048,32.0,-2,433,18.132584839169976,0.5035725746152557,0.033296213176612355
434,2048,32.0,-2,434,18.13431947240489,0.5036222654438913,0.03293886759014697
435,2048,32.0,-2,435,18.136041888474278,0.503671629908306,0.03258560924527387
436,2048,32.0,-2,436,18.137756836337356,0.5037206704497537,0.03223638795346773
437,2048,32.0,-2,437,18.139466068083294,0.5037693894880881,0.03189115418828692
438,2048,32.0,-2,438,18.141163324745904,0.5038177894219875,0.03154985908541619
439,2048,32.0,-2,439,18.14284870369825,0.5038658726291748,0.03121245442112297
440,2048,32.0,-2,440,18.144522301384924,0.5039136414666372,0.030878892620954446
441,2048,32.0,-2,441,18.146184213332408,0.5039610982708413,0.03054912672895682
442,2048,32.0,-2,442,18.14783453415927,0.5040082453579471,0.030223110415512622
443,2048,32.0,-2,443,18.149473357586274,0.5040550850240166,0.0299007979640038
444,2048,32.0,-2,444,18.15110077644635,0.5041016195452239,0.029582144252927378
445,2048,32.0,-2,445,18.15271688269438,0.5041478511780587,0.029267104761878215
446,2048,32.0,-2,446,18.15432281148972,0.5041937821595298,0.028955635554382297
447,2048,32.0,-2,447,18.15592879982775,0.504239414707365,0.028647693266790952
448,2048,32.0,-2,448,18.157526129817974,0.5042847510202086,0.02834323510894876
449,2048,32.0,-2,449,18.159114167571467,0.5043297932778174,0.028042218849549272
450,2048,32.0,-2,450,18.160697563575024,0.5043745436412524,0.02774460280864588
451,2048,32.0,-2,451,18.162271787869727,0.5044190042530704,0.02745034585396411
452,2048,32.0,-2,452,18.16383516250157,0.5044631772375113,0.027159407387642887
453,2048,32.0,-2,453,18.165387773774924,0.5045070647006847,0.026871747342568142
454,2048,32.0,-2,454,18.166933431420837,0.504550668730753,0.026587326171998882
455,2048,32.0,-2,455,18.16847013154714,0.5045939913981131,0.026306104844280753
456,2048,32.0,-2,456,18.169996550102926,0.5046370347555754,0.026028044838568576
457,2048,32.0,-2,457,18.171512508014583,0.5046798008385408,0.025753108126380653
458,2048,32.0,-2,458,18.173018087909217,0.5047222916651757,0.02548125717950711
459,2048,32.0,-2,459,18.174513371652715,0.504764509236585,0.02521245495363189
460,2048,32.0,-2,460,18.1759984403579,0.5048064555369823,0.024946664881326797
461,2048,32.0,-2,461,18.177473374392626,0.5048481325338592,0.0246838508683922
462,2048,32.0,-2,462,18.178938253387717,0.5048895421781515,0.024423977289565357
463,2048,32.0,-2,463,18.180393156244822,0.5049306864044043,0.02416700897478563
464,2048,32.0,-2,464,18.181838161144217,0.5049715671309343,0.023912911210935306
465,2048,32.0,-2,465,18.18327334555246,0.5050121862599909,0.0236616497286235
466,2048,32.0,-2,466,18.18469878622997,0.505052545677915,0.023413190697979758
467,2048,32.0,-2,467,18.186114559238504,0.5050926472552966,0.023167500725790546
468,2048,32.0,-2,468,18.187520739948567,0.5051324928471286,0.022924546845736415
469,2048,32.0,-2,469,18.188918506896158,0.5051720842929618,0.02268429651450532
470,2048,32.0,-2,470,18.190311043469592,0.5052114234170555,0.022446717605490107
471,2048,32.0,-2,471,18.19169418049126,0.505250512028528,0.0222117784009086
472,2048,32.0,-2,472,18.193067990782453,0.5052893519215034,0.021979447589075107
473,2048,32.0,-2,473,18.19443254650838,0.5053279448752598,0.021749694256129715
474,2048,32.0,-2,474,18.195787919185058,0.5053662926543724,0.02152248788335953
475,2048,32.0,-2,475,18.19713417968609,0.5054043970088569,0.02129779834297807
476,2048,32.0,-2,476,18.19847139824936,0.5054422596743116,0.021075595884894938
477,2048,32.0,-2,477,18.199799644483672,0.5054798823720559,0.02085585113923827
478,2048,32.0,-2,478,18.20111898737529,0.5055172668092694,0.020638535108140843
479,2048,32.0,-2,479,18.202429495294375,0.5055544146791279,0.020423619164247953
480,2048,32.0,-2,480,18.20373123600141,0.5055913276609381,0.020211075039398452
481,2048,32.0,-2,481,18.2050242766535,0.505628007420272,0.020000874822358128
482,2048,32.0,-2,482,18.206308683810565,0.5056644556090978,0.01979299095566489
483,2048,32.0,-2,483,18.207584523441582,0.5057006738659108,0.019587396230562604
484,2048,32.0,-2,484,18.208851860930586,0.5057366638158621,0.019384063780947258
485,2048,32.0,-2,485,18.21011076108274,0.5057724270708864,0.01918296707669498
486,2048,32.0,-2,486,18.21136128813027,0.5058079652298274,0.018984079924031505
487,2048,32.0,-2,487,18.212603505738326,0.505843279878563,0.01878737645793649
488,2048,32.0,-2,488,18.2138374770108,0.5058783725901286,0.01859283113574861
489,2048,32.0,-2,489,18.215063264496038,0.505913244924838,0.01840041873882825
490,2048,32.0,-2,490,18.216280930192553,0.5059478984304048,0.01821011436368991
491,2048,32.0,-2,491,18.217490535554575,0.5059823346420612,0.018021893413418866
492,2048,32.0,-2,492,18.218692141497627,0.5060165550826757,0.017835731605146066
493,2048,32.0,-2,493,18.219885808403973,0.5060505612628695,0.017651604959539213
494,2048,32.0,-2,494,18.221071596128034,0.5060843546811321,0.017469489788410897
495,2048,32.0,-2,495,18.222249564001753,0.5061179368239346,0.017289362708723388
496,2048,32.0,-2,496,18.223419770839826,0.5061513091658427,0.01711120062326188
497,2048,32.0,-2,497,18.224582274944982,0.5061844731696286,0.016934980723057436
498,2048,32.0,-2,498,18.225737134113096,0.5062174302863798,0.01676068048221424
499,2048,32.0,-2,499,18.226884405638316,0.5062501819556091,0.01658827765606219
500,2048,32.0,-2,500,18.228024146318116,0.5062827296053627,0.01641775027393777
501,2048,32.0,-2,501,18.229156412458238,0.5063150746523257,0.016249076637521398
502,2048,32.0,-2,502,18.230281259877653,0.5063472185019283,0.016082235318918947
503,2048,32.0,-2,503,18.23139874391342,0.5063791625484498,0.015917205156767977
504,2048,32.0,-2,504,18.232508919425506,0.5064109081751216,0.015753965246815937
505,2048,32.0,-2,505,18.233611840801522,0.5064424567542295,0.0155924949436681
506,2048,32.0,-2,506,18.234707561961468,0.5064738096472148,0.015432773859210158
507,2048,32.0,-2,507,18.235796136362335,0.5065049682047735,0.015274781855950437
508,2048,32.0,-2,508,18.236877617002747,0.5065359337669555,0.015118499042308997
509,2048,32.0,-2,509,18.237952056427467,0.506566707663262,0.014963905772631847
510,2048,32.0,-2,510,18.239019506731918,0.5065972912127427,0.014810982642252668
511,2048,32.0,-2,511,18.240080019566605,0.5066276857240901,0.01465971048621384
512,2048,32.0,-2,512,18.24113364614154,0.506657892495736,0.014510070371471784
513,2048,32.0,-2,513,18.24218043723056,0.5066879128159434,0.014362043600371521
514,2048,32.0,-2,514,18.24322044317558,0.5067177479628997,0.014215611701516195
515,2048,32.0,-2,515,18.244253713890927,0.5067473992048084,0.014070756431920017
516,2048,32.0,-2,516,18.245280298867478,0.506776867799979,0.013927459768446226
517,2048,32.0,-2,517,18.24630024717681,0.5068061549969178,0.013785703909320546
518,2048,32.0,-2,518,18.247313607475323,0.5068352620344158,0.01364547127133875
519,2048,32.0,-2,519,18.248320428008295,0.506864190141636,0.013506744483692046
520,2048,32.0,-2,520,18.249320756613876,0.5068929405382016,0.01336950638807366
521,2048,32.0,-2,521,18.25031464072707,0.5069215144342802,0.013233740034856112
522,2048,32.0,-2,522,18.251302127383664,0.5069499130306706,0.013099428678607694
523,2048,32.0,-2,523,18.252283263224086,0.5069781375188854,0.012966555778106681
524,2048,32.0,-2,524,18.253258094497262,0.5070061890812351,0.01283510499470708
525,2048,32.0,-2,525,18.25422666706439,0.5070340688909099,0.012705060185687955
526,2048,32.0,-2,526,18.255189026402718,0.5070617781120617,0.012576405405098967
527,2048,32.0,-2,527,18.256145217609223,0.5070893178998845,0.012449124896193098
528,2048,32.0,-2,528,18.257098842895218,0.5071166894006942,0.012323203098887348
529,2048,32.0,-2,529,18.258055153514203,0.5071438937520074,0.012198624636667432
530,2048,32.0,-2,530,18.25900609451752,0.5071709320826199,0.012075374317859655
531,2048,32.0,-2,531,18.259950973694686,0.507197805512684,0.011953437136952516
532,2048,32.0,-2,532,18.2608898346622,0.5072245151537849,0.011832798266631528
533,2048,32.0,-2,533,18.261822720676093,0.5072510621090163,0.011713443061012185
534,2048,32.0,-2,534,18.26274967463535,0.5072774474730557,0.011595357046530808
535,2048,32.0,-2,535,18.263670739085313,0.5073036723322384,0.011478525927820726
536,2048,32.0,-2,536,18.264585956221048,0.5073297377646313,0.011362935573387745
537,2048,32.0,-2,537,18.265495367890665,0.507355644840105,0.01124857203112839
538,2048,32.0,-2,538,18.26639901559861,0.5073813946204062,0.011135421510168442
539,2048,32.0,-2,539,18.267296940508896,0.5074069881592287,0.011023470383783263
540,2048,32.0,-2,540,18.268189183448374,0.5074324265022839,0.010912705192637873
541,2048,32.0,-2,541,18.269075784909873,0.5074577106873709,0.01080311263547884
542,2048,32.0,-2,542,18.26995678505534,0.5074828417444448,0.010694679567741616
543,2048,32.0,-2,543,18.270832223719,0.5075078206956862,0.010587393008520962
544,2048,32.0,-2,544,18.271702140410405,0.5075326485555675,0.010481240122572899
545,2048,32.0,-2,545,18.27256657431748,0.5075573263309208,0.010376208234831097
546,2048,32.0,-2,546,18.27342556430957,0.5075818550210045,0.010272284817666844
547,2048,32.0,-2,547,18.274279148940384,0.5076062356175679,0.01016945749314857
548,2048,32.0,-2,548,18.275127366450967,0.5076304691049167,0.010067714030164154
549,2048,32.0,-2,549,18.275970254772616,0.5076545564599777,0.009967042342573507
550,2048,32.0,-2,550,18.27680785152978,0.5076784986523615,0.009867430487886963
551,2048,32.0,-2,551,18.277640194042906,0.5077022966444268,0.00976886666657606
552,2048,32.0,-2,552,18.278467319331256,0.5077259513913417,0.009671339216311026
553,2048,32.0,-2,553,18.279291362178718,0.5077494638411463,0.009574836613509774
554,2048,32.0,-2,554,18.280110596844533,0.5077728349348131,0.00947934747084389
555,2048,32.0,-2,555,18.28092470955957,0.5077960656063081,0.009384860535348594
556,2048,32.0,-2,556,18.281733736244206,0.507819156782651,0.009291364689175907
557,2048,32.0,-2,557,18.282539546932647,0.5078421093839738,0.009198848941665005
558,2048,32.0,-2,558,18.283342617633206,0.50786492432358,0.009107302433079667
559,2048,32.0,-2,559,18.284140703928166,0.5078876025080028,0.009016714433315087
560,2048,32.0,-2,560,18.284936653319534,0.507910144837063,0.008927074336085639
561,2048,32.0,-2,561,18.285727654285324,0.5079325522039252,0.008838371660772282
562,2048,32.0,-2,562,18.286515114402533,0.5079548254951552,0.008750596051200432
563,2048,32.0,-2,563,18.28729921614096,0.5079769655907759,0.008663737268761906
564,2048,32.0,-2,564,18.28807846012493,0.5079989733643214,0.008577785199292975
565,2048,32.0,-2,565,18.28885288002073,0.5080208496828938,0.00849272984416416
566,2048,32.0,-2,566,18.289622509228487,0.508042595407216,0.008408561325609298
567,2048,32.0,-2,567,18.290387380884614,0.5080642113916859,0.008325269871846785
568,2048,32.0,-2,568,18.29114752786424,0.5080856984844302,0.008242845840271684
569,2048,32.0,-2,569,18.29190298278352,0.5081070575273563,0.00816127968808189
570,2048,32.0,-2,570,18.292653778002002,0.508128289356205,0.008080561989409318
571,2048,32.0,-2,571,18.293399945624984,0.5081493948006023,0.008000683424825183
572,2048,32.0,-2,572,18.294142401306672,0.5081703746841104,0.007921634790555743
573,2048,32.0,-2,573,18.294881916691885,0.5081912298242782,0.007843406981649537
574,2048,32.0,-2,574,18.29561689370461,0.5082119610326918,0.0077659910031187
575,2048,32.0,-2,575,18.296347363438016,0.5082325691150247,0.00768937796611624
576,2048,32.0,-2,576,18.297073356742672,0.508253054871086,0.007613559080795085
577,2048,32.0,-2,577,18.29779490422874,0.5082734190948702,0.00753852566185742
578,2048,32.0,-2,578,18.29851203626813,0.5082936625746048,0.007464269124554335
579,2048,32.0,-2,579,18.299224782996617,0.5083137860927988,0.007390780983058676
580,2048,32.0,-2,580,18.299933174315978,0.5083337904262896,0.007318052851843504
581,2048,32.0,-2,581,18.30063723989605,0.50835367634629,0.00724607643998354
582,2048,32.0,-2,582,18.301337009176798,0.5083734446184348,0.0071748435526046705
583,2048,32.0,-2,583,18.302032511370392,0.5083930960028271,0.007104346086734381
584,2048,32.0,-2,584,18.302723775463175,0.5084126312540836,0.007034576042485696
585,2048,32.0,-2,585,18.30341083021773,0.5084320511213796,0.006965525501613001
586,2048,32.0,-2,586,18.30409370417481,0.5084513563484946,0.006897186642504494
587,2048,32.0,-2,587,18.304772425655344,0.5084705476738551,0.006829551731897254
588,2048,32.0,-2,588,18.305447022762348,0.5084896258305803,0.006762613128188377
589,2048,32.0,-2,589,18.306117523382856,0.5085085915465245,0.006696363273903216
590,2048,32.0,-2,590,18.30678395518985,0.5085274455443203,0.006630794699105991
591,2048,32.0,-2,591,18.307446345644102,0.5085461885414214,0.0065659000223519115
592,2048,32.0,-2,592,18.308104721996084,0.5085648212501451,0.006501671945031262
593,2048,32.0,-2,593,18.308759111287777,0.5085833443777138,0.006438103250609117
594,2048,32.0,-2,594,18.309409540354526,0.5086017586262966,0.0063751868104446885
595,2048,32.0,-2,595,18.310056035826847,0.5086200646930507,0.006312915571285771
596,2048,32.0,-2,596,18.310698624132197,0.5086382632701613,0.006251282562828919
597,2048,32.0,-2,597,18.311337331496787,0.508656355044883,0.00619028089626994
598,2048,32.0,-2,598,18.311972183947297,0.5086743406995792,0.0061299037590245575
599,2048,32.0,-2,599,18.312603207312655,0.5086922209117614,0.00607014441809639
600,2048,32.0,-2,600,18.313230427225733,0.5087099963541288,0.006010996216893716
601,2048,32.0,-2,601,18.31385386912507,0.5087276676946078,0.005952452573268374
602,2048,32.0,-2,602,18.31447355825651,0.5087452355963884,0.005894506980368419
603,2048,32.0,-2,603,18.315089519674974,0.508762700717965,0.005837153008322105
604,2048,32.0,-2,604,18.315701778246,0.5087800637131721,0.005780384297707997
605,2048,32.0,-2,605,18.316310358647456,0.5087973252312227,0.005724194560343676
606,2048,32.0,-2,606,18.316915285371145,0.5088144859167454,0.005668577583115564
607,2048,32.0,-2,607,18.3175165827244,0.5088315464098206,0.005613527218955028
608,2048,32.0,-2,608,18.318114274831686,0.5088485073460176,0.005559037393780386
609,2048,32.0,-2,609,18.31870838563616,0.5088653693564301,0.005505102101892589
610,2048,32.0,-2,610,18.319298938901248,0.5088821330677119,0.005451715403793855
611,2048,32.0,-2,611,18.319885958212176,0.5088987991021131,0.005398871429179053
612,2048,32.0,-2,612,18.320469466977507,0.5089153680775141,0.005346564373532203
613,2048,32.0,-2,613,18.321049488430656,0.5089318406074613,0.005294788498304115
614,2048,32.0,-2,614,18.32162604563137,0.508948217301201,0.005243538128446801
615,2048,32.0,-2,615,18.322199161467243,0.5089644987637136,0.005192807653081388
616,2048,32.0,-2,616,18.322768858655152,0.5089806855957477,0.005142591527359741
617,2048,32.0,-2,617,18.323335159742737,0.5089967783938532,0.005092884265167186
618,2048,32.0,-2,618,18.323898087109846,0.5090127777504149,0.005043680445297127
619,2048,32.0,-2,619,18.324457662969934,0.5090286842536852,0.004994974703251387
620,2048,32.0,-2,620,18.32501495919281,0.5090444984878167,0.004946761739333283
621,2048,32.0,-2,621,18.325569132708097,0.5090602210328947,0.004899036312707494
622,2048,32.0,-2,622,18.326120005007443,0.5090758524649691,0.00485179323243301
623,2048,32.0,-2,623,18.32666759779977,0.5090913933564508,0.004805027386183269
624,2048,32.0,-2,624,18.32721193261032,0.5091068442750142,0.004758733702651341
625,2048,32.0,-2,625,18.327753229195107,0.5091222057847957,0.004712907170386416
626,2048,32.0,-2,626,18.328293118770542,0.5091374784460211,0.004667542833679761
627,2048,32.0,-2,627,18.328829803727345,0.5091526628150365,0.0046226357942842355
628,2048,32.0,-2,628,18.329363305031965,0.5091677594443382,0.004578181207698151
629,2048,32.0,-2,629,18.329893643496547,0.5091827688826037,0.004534174284330561
630,2048,32.0,-2,630,18.330420839780214,0.5091976916747203,0.004490610286651986
631,2048,32.0,-2,631,18.33094491439038,0.5092125283618154,0.00444748453331556
632,2048,32.0,-2,632,18.331465887683986,0.5092272794812858,0.004404792390573675
633,2048,32.0,-2,633,18.331983779868786,0.5092419455668264,0.004362529279077876
634,2048,32.0,-2,634,18.332498611004567,0.5092565271484593,0.004320690671121952
635,2048,32.0,-2,635,18.333010401004422,0.5092710247525617,0.004279272087039487
636,2048,32.0,-2,636,18.333519169635935,0.509285438901895,0.004238269098294722
637,2048,32.0,-2,637,18.334024936522418,0.5092997701156324,0.004197677325507243
638,2048,32.0,-2,638,18.334528913930313,0.5093140189093865,0.004157492439453847
639,2048,32.0,-2,639,18.335029974292304,0.5093281857952371,0.004117710155426835
640,2048,32.0,-2,640,18.335528087141448,0.5093422712817577,0.004078326240126273
641,2048,32.0,-2,641,18.33602327153756,0.509356275874044,0.0040393365031619055
642,2048,32.0,-2,642,18.336515546402204,0.5093702000737392,0.004000736804172789
643,2048,32.0,-2,643,18.33700493051982,0.5093840443790618,0.003962523047889022
644,2048,32.0,-2,644,18.337491442538884,0.5093978092848306,0.0039246911817159
645,2048,32.0,-2,645,18.337975100972983,0.5094114952824916,0.003887237201503524
646,2048,32.0,-2,646,18.33845592420198,0.5094251028601441,0.003850157144832167
647,2048,32.0,-2,647,18.33893393047307,0.5094386325025657,0.003813447093961031
648,2048,32.0,-2,648,18.33940913790189,0.509452084691238,0.003777103175984564
649,2048,32.0,-2,649,18.339881564473593,0.5094654599043716,0.003741121557389704
650,2048,32.0,-2,650,18.34035122804392,0.5094787586169313,0.0037054984492215226
651,2048,32.0,-2,651,18.340818146340247,0.5094919813006606,0.0036702301023581185
652,2048,32.0,-2,652,18.341282336962657,0.5095051284241067,0.0036353128123636225
653,2048,32.0,-2,653,18.341743817384952,0.5095182004526441,0.0036007429123685597
654,2048,32.0,-2,654,18.3422026049557,0.5095311978484991,0.0035665167764733496
655,2048,32.0,-2,655,18.34265871689925,0.509544121070774,0.00353263081773747
656,2048,32.0,-2,656,18.343112170316765,0.5095569705754703,0.003499081492932987
657,2048,32.0,-2,657,18.34356298218716,0.5095697468155121,0.003465865293307502
658,2048,32.0,-2,658,18.344011169368162,0.5095824502407699,0.0034329787487408225
659,2048,32.0,-2,659,18.344456748597274,0.5095950812980832,0.003400418431155572
660,2048,32.0,-2,660,18.344900605317726,0.5096076404312839,0.0033681809439727317
661,2048,32.0,-2,661,18.34534389171521,0.5096201280812184,0.0033362629326987303
662,2048,32.0,-2,662,18.345784602918762,0.5096325446857704,0.0033046610779194907
663,2048,32.0,-2,663,18.34622275530735,0.5096448906798832,0.003273372095634386
664,2048,32.0,-2,664,18.346658365143604,0.5096571664955818,0.0032423927401765695
665,2048,32.0,-2,665,18.34709144857483,0.5096693725619945,0.0032117197972780787
666,2048,32.0,-2,666,18.34752202163387,0.5096815093053754,0.003181350092305024
667,2048,32.0,-2,667,18.34795010024007,0.509693577149125,0.0031512804808215833
668,2048,32.0,-2,668,18.348375700200158,0.5097055765138123,0.0031215078570525634
669,2048,32.0,-2,669,18.348798837209166,0.5097175078171954,0.0030920291469556105
670,2048,32.0,-2,670,18.349219526851314,0.5097293714742431,0.0030628413083633177
671,2048,32.0,-2,671,18.349637784600908,0.5097411678971551,0.003033941334237511
672,2048,32.0,-2,672,18.3500536258232,0.5097528974953832,0.003005326249009954
673,2048,32.0,-2,673,18.350467065775266,0.5097645606756515,0.0029769931125542826
674,2048,32.0,-2,674,18.35087811960689,0.5097761578419765,0.002948939012782148
675,2048,32.0,-2,675,18.351286802361365,0.5097876893956876,0.0029211610692385648
676,2048,32.0,-2,676,18.35169312897641,0.509799155735447,0.0028936564359725025
677,2048,32.0,-2,677,18.35209711428495,0.509810557257269,0.002866422296747828
678,2048,32.0,-2,678,18.352498773015963,0.5098218943545404,0.002839455862144291
679,2048,32.0,-2,679,18.352900458111296,0.5098331674180394,0.0028127543795193333
680,2048,32.0,-2,680,18.35330002955643,0.5098443768359551,0.002786315120765437
681,2048,32.0,-2,681,18.35369730561066,0.5098555229939061,0.002760135387944729
682,2048,32.0,-2,682,18.354092300664306,0.5098666062749607,0.0027342125146816443
683,2048,32.0,-2,683,18.35448502900732,0.5098776270596546,0.0027085438612175494
684,2048,32.0,-2,684,18.354875504830126,0.5098885857260096,0.002683126816968695
685,2048,32.0,-2,685,18.355263742224352,0.509899482649553,0.002657958802778637
686,2048,32.0,-2,686,18.355649755183627,0.5099103182033347,0.002633037258810589
687,2048,32.0,-2,687,18.35603355760437,0.5099210927579465,0.002608359661188331
688,2048,32.0,-2,688,18.356415163286535,0.5099318066815396,0.0025839235102012026
689,2048,32.0,-2,689,18.356794585934356,0.5099424603398423,0.002559726332833634
690,2048,32.0,-2,690,18.357171839157125,0.5099530540961783,0.0025357656816851204
691,2048,32.0,-2,691,18.357546936469912,0.5099635883114839,0.0025120391356097116
692,2048,32.0,-2,692,18.357919891294312,0.5099740633443255,0.0024885443034463606
693,2048,32.0,-2,693,18.358290716959157,0.5099844795509167,0.0024652788167784934
694,2048,32.0,-2,694,18.35865942670128,0.5099948372851363,0.002442240331248513
695,2048,32.0,-2,695,18.359026033666204,0.5100051368985442,0.00241942653171634
696,2048,32.0,-2,696,18.359390550908827,0.5100153787403988,0.0023968351201659743
697,2048,32.0,-2,697,18.359752991394178,0.5100255631576742,0.002374463834073026
698,2048,32.0,-2,698,18.360113367998093,0.5100356904950759,0.0023523104248681648
699,2048,32.0,-2,699,18.360471693507883,0.5100457610950578,0.0023303726735264263
700,2048,32.0,-2,700,18.36082798062307,0.5100557752978385,0.00230864838542999
701,2048,32.0,-2,701,18.36118224195603,0.5100657334414174,0.002287135386943362
702,2048,32.0,-2,702,18.36153449003266,0.5100756358615907,0.002265831527950013
703,2048,32.0,-2,703,18.36188473729308,0.5100854828919675,0.002244734682648186
704,2048,32.0,-2,704,18.362232996092274,0.5100952748639859,0.0022238427456642285
705,2048,32.0,-2,705,18.362579278700743,0.5101050121069276,0.0022031536355200387
706,2048,32.0,-2,706,18.362923597305162,0.5101146949479347,0.002182665295308084
707,2048,32.0,-2,707,18.363265964009038,0.5101243237120244,0.0021623756831701257
708,2048,32.0,-2,708,18.363606390833308,0.510133898722104,0.0021422827871120376
709,2048,32.0,-2,709,18.363944889717033,0.5101434202989875,0.0021223846120150824
710,2048,32.0,-2,710,18.36428147251797,0.5101528887614089,0.0021026791850431437
711,2048,32.0,-2,711,18.364616151013223,0.5101623044260379,0.0020831645504060248
712,2048,32.0,-2,712,18.364948936899864,0.5101716676074951,0.0020638387815097303
713,2048,32.0,-2,713,18.36527984179553,0.5101809786183663,0.0020446999651682063
714,2048,32.0,-2,714,18.365608877239033,0.5101902377692167,0.0020257462096253676
715,2048,32.0,-2,715,18.365938335922166,0.5101994453686057,0.0020069756461964516
716,2048,32.0,-2,716,18.36626672225239,0.5102086017231017,0.001988386423690258
717,2048,32.0,-2,717,18.366593258828203,0.5102177071372953,0.0019699767099936594
718,2048,32.0,-2,718,18.366917956954694,0.5102267619138142,0.0019517446959866902
719,2048,32.0,-2,719,18.367240827860634,0.510235766353337,0.001933688585090465
720,2048,32.0,-2,720,18.367561882699086,0.5102447207546069,0.0019158066052185063
721,2048,32.0,-2,721,18.367881132547907,0.5102536254144456,0.0018980970025737065
722,2048,32.0,-2,722,18.3681985884104,0.5102624806277669,0.0018805580395664379
723,2048,32.0,-2,723,18.36851426121582,0.5102712866875905,0.0018631879982962118
724,2048,32.0,-2,724,18.368828161819973,0.5102800438850548,0.0018459851791590154
725,2048,32.0,-2,725,18.369140301005725,0.510288752509431,0.0018289479012736365
726,2048,32.0,-2,726,18.36945068948358,0.5102974128481356,0.0018120744956249268
727,2048,32.0,-2,727,18.36975933789224,0.5103060251867445,0.0017953633227989485
728,2048,32.0,-2,728,18.370066256799117,0.5103145898090048,0.0017788127452647018
729,2048,32.0,-2,729,18.370371456700887,0.5103231069968487,0.0017624211571671822
730,2048,32.0,-2,730,18.370674948023996,0.5103315770304055,0.0017461869613413228
731,2048,32.0,-2,731,18.37097674112523,0.5103400001880153,0.0017301085768082203
732,2048,32.0,-2,732,18.371276846292183,0.5103483767462406,0.0017141844435215603
733,2048,32.0,-2,733,18.371575273743815,0.5103567069798792,0.001698413016541167
734,2048,32.0,-2,734,18.37187203363096,0.5103649911619771,0.001682792766260377
735,2048,32.0,-2,735,18.372167136036825,0.5103732295638398,0.0016673221775675984
736,2048,32.0,-2,736,18.372460590977493,0.5103814224550456,0.0016519997534203412
737,2048,32.0,-2,737,18.372752408402427,0.5103895701034568,0.001636824013125704
738,2048,32.0,-2,738,18.373042598194978,0.5103976727752322,0.0016217934916653576
739,2048,32.0,-2,739,18.37333117017286,0.510405730734839,0.0016069067357165068
740,2048,32.0,-2,740,18.373618134088638,0.5104137442450645,0.0015921623090235926
741,2048,32.0,-2,741,18.373903499630224,0.5104217135670278,0.0015775587936914803
742,2048,32.0,-2,742,18.37418727642137,0.5104296389601921,0.0015630947805433948
743,2048,32.0,-2,743,18.374469474022092,0.5104375206823749,0.0015487688816335776
744,2048,32.0,-2,744,18.3747501019292,0.510445358989761,0.0015345797169175057
745,2048,32.0,-2,745,18.375029169576724,0.5104531541369126,0.0015205259255282044
746,2048,32.0,-2,746,18.37530668633641,0.5104609063767817,0.0015066061614703585
747,2048,32.0,-2,747,18.37558266151814,0.5104686159607201,0.0014928190881562386
748,2048,32.0,-2,748,18.375857104370443,0.5104762831384918,0.0014791633851629626
749,2048,32.0,-2,749,18.376130024080894,0.5104839081582828,0.0014656377470529947
750,2048,32.0,-2,750,18.376401429776585,0.5104914912667131,0.0014522408812993604
751,2048,32.0,-2,751,18.376671330524594,0.5104990327088469,0.001438971506956932
752,2048,32.0,-2,752,18.37693973533238,0.5105065327282035,0.0014258283599204447
753,2048,32.0,-2,753,18.377206653148235,0.5105139915667679,0.0014128101870483079
754,2048,32.0,-2,754,18.37747209286176,0.5105214094650021,0.0013999157449831046
755,2048,32.0,-2,755,18.377736063304223,0.5105287866618544,0.0013871438118329138
756,2048,32.0,-2,756,18.377998573249045,0.5105361233947711,0.0013744931691661577
757,2048,32.0,-2,757,18.3782596314122,0.5105434198997058,0.0013619626154479647
758,2048,32.0,-2,758,18.378519246452633,0.5105506764111304,0.001349550965301205
759,2048,32.0,-2,759,18.378777426972675,0.510557893162045,0.0013372570370293602
760,2048,32.0,-2,760,18.379034181518474,0.5105650703839884,0.0013250796692432232
761,2048,32.0,-2,761,18.379289518580368,0.5105722083070471,0.0013130177064084592
762,2048,32.0,-2,762,18.379543446593342,0.5105793071598669,0.0013010700101219186
763,2048,32.0,-2,763,18.37979597393738,0.5105863671696611,0.001289235448865611
764,2048,32.0,-2,764,18.380047108937895,0.5105933885622217,0.0012775129082811532
765,2048,32.0,-2,765,18.380296859866114,0.5106003715619282,0.001265901278756587
766,2048,32.0,-2,766,18.380545234939483,0.5106073163917577,0.0012543994704969919
767,2048,32.0,-2,767,18.380792242322038,0.5106142232732946,0.0012430063956188064
768,2048,32.0,-2,768,18.38103789012481,0.5106210924267398,0.0012317209854657563
769,2048,32.0,-2,769,18.38128218640618,0.5106279240709203,0.0012205421790412174
770,2048,32.0,-2,770,18.381525139172304,0.5106347184232986,0.0012094689243653534
771,2048,32.0,-2,771,18.38176675637744,0.5106414756999819,0.001198500182667317
772,2048,32.0,-2,772,18.382007045924368,0.5106481961157312,0.0011876349255715013
773,2048,32.0,-2,773,18.382246015664723,0.5106548798839712,0.0011768721358293988
774,2048,32.0,-2,774,18.382483673399392,0.5106615272167985,0.0011662108059340426
775,2048,32.0,-2,775,18.382720026878864,0.5106681383249911,0.0011556499376084162
776,2048,32.0,-2,776,18.382955083803587,0.5106747134180171,0.0011451885465874057
777,2048,32.0,-2,777,18.383188851824336,0.510681252704044,0.0011348256524641442
778,2048,32.0,-2,778,18.383421338542576,0.5106877563899469,0.001124560291756893
779,2048,32.0,-2,779,18.3836525515108,0.5106942246813179,0.0011143915055811249
780,2048,32.0,-2,780,18.383882498232886,0.5107006577824744,0.0011043183480978769
781,2048,32.0,-2,781,18.384112493261263,0.510707055896468,0.0010943398816323224
782,2048,32.0,-2,782,18.384342808054207,0.5107134192250928,0.0010844551786846068
783,2048,32.0,-2,783,18.384571866271628,0.5107197479688936,0.0010746633198550626
784,2048,32.0,-2,784,18.38479967528462,0.5107260423271753,0.0010649633977664053
785,2048,32.0,-2,785,18.385026242417084,0.5107323024980104,0.0010553545130207453
786,2048,32.0,-2,786,18.38525157494607,0.5107385286782476,0.0010458357744340674
787,2048,32.0,-2,787,18.385475680102093,0.51074472106352,0.0010364062998746704
788,2048,32.0,-2,788,18.385698565069468,0.5107508798482535,0.0010270652192900798
789,2048,32.0,-2,789,18.38592023698666,0.5107570052256747,0.0010178116659389502
790,2048,32.0,-2,790,18.38614070294657,0.5107630973878187,0.001008644790729818
791,2048,32.0,-2,791,18.386359969996896,0.5107691565255376,0.0009995637430506576
792,2048,32.0,-2,792,18.38657804514042,0.5107751828285084,0.0009905676863724011
793,2048,32.0,-2,793,18.386794935335363,0.5107811764852406,0.0009816557940709458
794,2048,32.0,-2,794,18.38701064749565,0.5107871376830841,0.0009728272453344289
795,2048,32.0,-2,795,18.387225188491264,0.5107930666082368,0.0009640812257032394
796,2048,32.0,-2,796,18.387438565148535,0.5107989634457529,0.0009554169358949594
797,2048,32.0,-2,797,18.387650784250454,0.51080482837955,0.000946833576549011
798,2048,32.0,-2,798,18.387861852536993,0.510810661592417,0.000938330360199302
799,2048,32.0,-2,799,18.38807177670537,0.5108164632660209,0.000929906509952616
800,2048,32.0,-2,800,18.38828056341037,0.5108222335809157,0.0009215612536905837
801,2048,32.0,-2,801,18.38848821926466,0.5108279727165487,0.0009132938276579239
802,2048,32.0,-2,802,18.388694750839043,0.5108336808512676,0.0009051034753326803
803,2048,32.0,-2,803,18.388900164662807,0.5108393581623292,0.0008969894477672824
804,2048,32.0,-2,804,18.389104467223955,0.5108450048259053,0.000888951006281502
805,2048,32.0,-2,805,18.389307664969536,0.510850621017091,0.0008809874159396713
806,2048,32.0,-2,806,18.389510419248253,0.5108562069099108,0.0008730979524713689
807,2048,32.0,-2,807,18.389714007733758,0.5108617626773262,0.0008652818959689057
808,2048,32.0,-2,808,18.38991649906965,0.5108672884912433,0.000857538536322977
809,2048,32.0,-2,809,18.39011789959452,0.5108727845225188,0.0008498671686254511
810,2048,32.0,-2,810,18.3903182156072,0.5108782509409676,0.0008422670974539415
811,2048,32.0,-2,811,18.39051745336696,0.5108836879153694,0.0008347376315427368
812,2048,32.0,-2,812,18.390715619093818,0.5108890956134758,0.000827278088223693
813,2048,32.0,-2,813,18.390912718968824,0.5108944742020168,0.0008198877926730574
814,2048,32.0,-2,814,18.3911087591343,0.5108998238467081,0.0008125660755027297
815,2048,32.0,-2,815,18.391303745694124,0.5109051447122565,0.0008053122732718521
816,2048,32.0,-2,816,18.391497684713993,0.5109104369623685,0.0007981257306255429
817,2048,32.0,-2,817,18.391690582221695,0.5109157007597552,0.000791005798163269
818,2048,32.0,-2,818,18.39188244420735,0.5109209362661398,0.0007839518336965057
819,2048,32.0,-2,819,18.392073276623695,0.5109261436422636,0.0007769632018153061
820,2048,32.0,-2,820,18.39226308538631,0.5109313230478928,0.0007700392699447889
821,2048,32.0,-2,821,18.392451876373926,0.5109364746418249,0.0007631794202183073
822,2048,32.0,-2,822,18.392639655428606,0.5109415985818947,0.0007563830298238372
823,2048,32.0,-2,823,18.392826428356067,0.510946695024981,0.0007496494908352247
824,2048,32.0,-2,824,18.393012200925867,0.5109517641270126,0.0007429781971808325
825,2048,32.0,-2,825,18.393196978871718,0.5109568060429749,0.0007363685511592166
826,2048,32.0,-2,826,18.393380767891674,0.5109618209269158,0.0007298199604406364
827,2048,32.0,-2,827,18.393563573648407,0.5109668089319516,0.0007233318345996054
828,2048,32.0,-2,828,18.393745794113237,0.5109717702102735,0.000716903597286489
829,2048,32.0,-2,829,18.393927210783136,0.5109767049131537,0.0007105346704889826
830,2048,32.0,-2,830,18.394107657239218,0.5109816131909511,0.0007042244871229286
831,2048,32.0,-2,831,18.39428713902783,0.5109864951931176,0.0006979724813334087
832,2048,32.0,-2,832,18.394465661661002,0.5109913510682033,0.0006917780967157228
833,2048,32.0,-2,833,18.394643230616644,0.5109961809638635,0.0006856407793875974
834,2048,32.0,-2,834,18.39481985133881,0.5110009850268634,0.0006795599837658983
835,2048,32.0,-2,835,18.394995529237896,0.5110057634030849,0.000673535167635464
836,2048,32.0,-2,836,18.395170269690915,0.5110105162375315,0.0006675657946502156
837,2048,32.0,-2,837,18.395344078041667,0.5110152436743345,0.0006616513365287346
838,2048,32.0,-2,838,18.395516959601018,0.5110199458567587,0.0006557912644922226
839,2048,32.0,-2,839,18.395688919647085,0.5110246229272077,0.0006499850602637025
840,2048,32.0,-2,840,18.39585996342547,0.5110292750272298,0.0006442322076338769
841,2048,32.0,-2,841,18.396030096149488,0.5110339022975231,0.0006385321981241532
842,2048,32.0,-2,842,18.396199323000385,0.5110385048779419,0.0006328845262970617
843,2048,32.0,-2,843,18.396367649127527,0.5110430829075009,0.0006272886922431553
844,2048,32.0,-2,844,18.396535079648665,0.511047636524382,0.0006217442029665676
845,2048,32.0,-2,845,18.396701619650102,0.5110521658659388,0.0006162505655851191
846,2048,32.0,-2,846,18.39686727418692,0.5110566710687019,0.0006108072973773915
847,2048,32.0,-2,847,18.397032048283215,0.5110611522683846,0.0006054139174267448
848,2048,32.0,-2,848,18.39719594693226,0.5110656095998883,0.0006000699498969198
849,2048,32.0,-2,849,18.397358975096758,0.5110700431973078,0.0005947749252896983
850,2048,32.0,-2,850,18.397521137709013,0.5110744531939353,0.0005895283766435
851,2048,32.0,-2,851,18.39768243967115,0.511078839722267,0.000584329842013176
852,2048,32.0,-2,852,18.39784288585531,0.5110832029140078,0.0005791788644060603
853,2048,32.0,-2,853,18.39800248110387,0.5110875429000764,0.0005740749941338663
854,2048,32.0,-2,854,18.398161230229615,0.51109185981061,0.0005690177812027741
855,2048,32.0,-2,855,18.39831913801596,0.5110961537749698,0.0005640067835770424
856,2048,32.0,-2,856,18.398476209217133,0.5111004249217457,0.0005590415615586153
857,2048,32.0,-2,857,18.398632448558367,0.5111046733787611,0.0005541216774815894
858,2048,32.0,-2,858,18.39878786073611,0.5111088992730786,0.0005492467075640661
859,2048,32.0,-2,859,18.398942450418197,0.5111131027310039,0.0005444162198102731
860,2048,32.0,-2,860,18.39909622224406,0.5111172838780911,0.000539629795014207
861,2048,32.0,-2,861,18.3992491808249,0.5111214428391477,0.0005348870152204199
862,2048,32.0,-2,862,18.39940133074389,0.5111255797382391,0.0005301874666372441
863,2048,32.0,-2,863,18.39955267655635,0.5111296946986936,0.0005255307389120389
864,2048,32.0,-2,864,18.399703222789945,0.5111337878431064,0.0005209164278241474
865,2048,32.0,-2,865,18.399852973944856,0.5111378592933457,0.0005163441312774353
866,2048,32.0,-2,866,18.400001934493957,0.5111419091705554,0.0005118134522774653
867,2048,32.0,-2,867,18.40015010888303,0.5111459375951618,0.0005073239961390641
868,2048,32.0,-2,868,18.4002975015309,0.5111499446868766,0.0005028753748277381
869,2048,32.0,-2,869,18.400444116829654,0.5111539305647023,0.0004984672003303103
870,2048,32.0,-2,870,18.40059039940039,0.511157895346936,0.0004940990930464295
871,2048,32.0,-2,871,18.400735997976895,0.5111618391511751,0.0004897706720257133
872,2048,32.0,-2,872,18.400880829238634,0.5111657620943203,0.00048548156358663164
873,2048,32.0,-2,873,18.401024897489048,0.5111696642925811,0.0004812313980906424
874,2048,32.0,-2,874,18.40116820700559,0.5111735458614797,0.0004770198059276254
875,2048,32.0,-2,875,18.401310762039927,0.5111774069158552,0.0004728464263052956
876,2048,32.0,-2,876,18.401452566818097,0.511181247569869,0.00046871089476496763
877,2048,32.0,-2,877,18.40159362554064,0.5111850679370076,0.00046461285924692675
878,2048,32.0,-2,878,18.40173394238284,0.5111888681300878,0.00046055196372662977
879,2048,32.0,-2,879,18.40187352149483,0.5111926482612608,0.0004565278608765766
880,2048,32.0,-2,880,18.402012367001774,0.5111964084420163,0.0004525402006834156
881,2048,32.0,-2,881,18.40215048300405,0.5112001487831871,0.0004485886461083055
882,2048,32.0,-2,882,18.40228787357738,0.5112038693949523,0.00044467285326277306
883,2048,32.0,-2,883,18.40242454277302,0.5112075703868424,0.0004407924863869539
884,2048,32.0,-2,884,18.402560494617905,0.5112112518677431,0.0004369472135721253
885,2048,32.0,-2,885,18.40269573311481,0.511214913945899,0.00043313670546751837
886,2048,32.0,-2,886,18.402830262242517,0.5112185567289184,0.0004293606347687273
887,2048,32.0,-2,887,18.40296408595596,0.5112221803237764,0.0004256186787330307
888,2048,32.0,-2,888,18.403097208186377,0.5112257848368197,0.0004219105165645942
889,2048,32.0,-2,889,18.403229632841487,0.51122937037377,0.0004182358323276958
890,2048,32.0,-2,890,18.403361363805633,0.5112329370397286,0.0004145943111311112
891,2048,32.0,-2,891,18.40349240493991,0.5112364849391794,0.00041098564518193825
892,2048,32.0,-2,892,18.40362276008236,0.5112400141759933,0.0004074095226442864
893,2048,32.0,-2,893,18.403752433048084,0.5112435248534322,0.0004038656415445985
894,2048,32.0,-2,894,18.40388142762942,0.5112470170741527,0.00040035369843138824
895,2048,32.0,-2,895,18.404009747596053,0.5112504909402095,0.00039687339624094875
896,2048,32.0,-2,896,18.40413739669522,0.5112539465530598,0.0003934244357424177
897,2048,32.0,-2,897,18.404264378651785,0.5112573840135665,0.0003900065297415267
898,2048,32.0,-2,898,18.40439069716846,0.5112608034220024,0.00038661938175010846
899,2048,32.0,-2,899,18.404516355925878,0.5112642048780537,0.0003832627075013306
900,2048,32.0,-2,900,18.404641374052005,0.5112675884808235,0.0003799362234531145
901,2048,32.0,-2,901,18.404766525673693,0.511270954328836,0.0003766396439104369
902,2048,32.0,-2,902,18.404891250820526,0.5112743025200391,0.00037337269468196155
903,2048,32.0,-2,903,18.405015324668327,0.5112776331518092,0.0003701350951885729
904,2048,32.0,-2,904,18.405138750825152,0.5112809463209538,0.00036692657411663276
905,2048,32.0,-2,905,18.405261532877667,0.5112842421237158,0.0003637468594277493
906,2048,32.0,-2,906,18.405383674391246,0.5112875206557767,0.00036059568233071104
907,2048,32.0,-2,907,18.405505178910104,0.5112907820122595,0.00035747277855335824
908,2048,32.0,-2,908,18.405626049957476,0.5112940262877337,0.00035437788314141017
909,2048,32.0,-2,909,18.405746291035726,0.511297253576217,0.00035131073624938836
910,2048,32.0,-2,910,18.405865905626463,0.5113004639711799,0.00034827108011370456
911,2048,32.0,-2,911,18.405984897190713,0.5113036575655489,0.00034525865960688407
912,2048,32.0,-2,912,18.40610326916903,0.5113068344517093,0.0003422732187772226
913,2048,32.0,-2,913,18.40622102498162,0.5113099947215098,0.0003393145074426229
914,2048,32.0,-2,914,18.406338168028476,0.5113131384662644,0.0003363822815174444
915,2048,32.0,-2,915,18.406454701689533,0.5113162657767562,0.0003334762908906441
916,2048,32.0,-2,916,18.40657062932476,0.5113193767432417,0.0003305962912634186
917,2048,32.0,-2,917,18.406685954274312,0.5113224714554527,0.0003277420439502521
918,2048,32.0,-2,918,18.406800679858648,0.5113255500026002,0.00032491331029405046
919,2048,32.0,-2,919,18.40691480937864,0.5113286124733771,0.00032210985254010893
920,2048,32.0,-2,920,18.407028346115737,0.5113316589559629,0.00031933143570483935
921,2048,32.0,-2,921,18.407141293332053,0.5113346895380246,0.000316577829750031
922,2048,32.0,-2,922,18.40725365427052,0.511337704306722,0.0003138488021434682
923,2048,32.0,-2,923,18.40736543215497,0.5113407033487093,0.00031114412689703386
924,2048,32.0,-2,924,18.40747663019031,0.5113436867501393,0.0003084635793371149
925,2048,32.0,-2,925,18.40758725156259,0.511346654596666,0.000305806934420616
926,2048,32.0,-2,926,18.407697299439164,0.5113496069734473,0.0003031739743519779
927,2048,32.0,-2,927,18.407806776968783,0.5113525439651491,0.00030056447522497365
928,2048,32.0,-2,928,18.407915687281722,0.5113554656559475,0.0002979782231165018
929,2048,32.0,-2,929,18.4080240334899,0.5113583721295317,0.0002954150033787073
930,2048,32.0,-2,930,18.408131818686996,0.5113612634691079,0.00029287460174032276
931,2048,32.0,-2,931,18.408239045948555,0.5113641397574017,0.00029035681028233284
932,2048,32.0,-2,932,18.40834571833212,0.5113670010766607,0.0002878614177248551
933,2048,32.0,-2,933,18.408451838877326,0.5113698475086579,0.00028538821776891155
934,2048,32.0,-2,934,18.408557410606036,0.5113726791346949,0.00028293700663795107
935,2048,32.0,-2,935,18.408662436522423,0.5113754960356042,0.0002805075819622971
936,2048,32.0,-2,936,18.408766919613125,0.5113782982917524,0.0002780997404627783
937,2048,32.0,-2,937,18.408870862847316,0.511381085983043,0.00027571328649855786
938,2048,32.0,-2,938,18.40897426917682,0.5113838591889194,0.0002733480207410821
939,2048,32.0,-2,939,18.409077141536258,0.5113866179883672,0.00027100374845190345
940,2048,32.0,-2,940,18.409179482843115,0.5113893624599178,0.000268680278978195
941,2048,32.0,-2,941,18.409281295997857,0.5113920926816504,0.00026637741587620667
942,2048,32.0,-2,942,18.409382583884057,0.5113948087311955,0.00026409497418455885
943,2048,32.0,-2,943,18.409483497399073,0.5113975106857369,0.0002618327644938745
944,2048,32.0,-2,944,18.40958433554387,0.5114001986220152,0.000259590602922799
945,2048,32.0,-2,945,18.409686007297175,0.5114028726163297,0.00025736830055933524
946,2048,32.0,-2,946,18.40978721455829,0.5114055327445419,0.00025516567997385664
947,2048,32.0,-2,947,18.409887902156406,0.5114081790820779,0.00025298255791028623
948,2048,32.0,-2,948,18.40998807291414,0.5114108117039305,0.0002508187552834329
949,2048,32.0,-2,949,18.410087729637766,0.5114134306846625,0.0002486740963263401
950,2048,32.0,-2,950,18.410186875117304,0.5114160360984094,0.00024654840358095953
951,2048,32.0,-2,951,18.41028551212662,0.5114186280188816,0.00024444150562885625
952,2048,32.0,-2,952,18.410383643423536,0.5114212065193671,0.00024235322625543176
953,2048,32.0,-2,953,18.4104812717499,0.5114237716727337,0.00024028339898762852
954,2048,32.0,-2,954,18.41057839983174,0.5114263235514329,0.00023823185433968774
955,2048,32.0,-2,955,18.41067503037931,0.5114288622275008,0.0002361984228329561
956,2048,32.0,-2,956,18.410771166087226,0.5114313877725615,0.00023418294005495
957,2048,32.0,-2,957,18.41086680963453,0.5114339002578295,0.00023218524182766487
958,2048,32.0,-2,958,18.410961963684823,0.511436399754112,0.00023020516512417544
959,2048,32.0,-2,959,18.411056630886332,0.511438886331812,0.00022824254916287146
960,2048,32.0,-2,960,18.41115081387202,0.5114413600609297,0.0002262972350877135
961,2048,32.0,-2,961,18.411244515259682,0.5114438210110657,0.00022436906200340445
962,2048,32.0,-2,962,18.411337737652023,0.5114462692514234,0.0002224578775198438
963,2048,32.0,-2,963,18.411430483636757,0.511448704850811,0.00022056352320731776
964,2048,32.0,-2,964,18.411522755786734,0.5114511278776442,0.0002186858473862685
965,2048,32.0,-2,965,18.411614556659977,0.5114535383999488,0.00021682469601103094
966,2048,32.0,-2,966,18.411705888799826,0.5114559364853626,0.00021497991971131114
967,2048,32.0,-2,967,18.411796754734972,0.5114583222011377,0.00021315136983446337
968,2048,32.0,-2,968,18.411887156979606,0.5114606956141436,0.0002113388976852093
969,2048,32.0,-2,969,18.411977098033468,0.5114630567908687,0.000209542357467285
970,2048,32.0,-2,970,18.41206658038196,0.5114654057974225,0.00020776160238256125
971,2048,32.0,-2,971,18.412155606496217,0.511467742699539,0.0002059964917222601
972,2048,32.0,-2,972,18.41224417883322,0.511470067562578,0.00020424687978959355
973,2048,32.0,-2,973,18.41233229983584,0.5114723804515274,0.00020251262878900889
974,2048,32.0,-2,974,18.41241997193297,0.511474681431006,0.00020079359568114796
975,2048,32.0,-2,975,18.41250719753959,0.511476970565265,0.00019908964422654662
976,2048,32.0,-2,976,18.412593979056854,0.5114792479181909,0.000197400636494649
977,2048,32.0,-2,977,18.412680318872177,0.5114815135533073,0.00019572643736154305
978,2048,32.0,-2,978,18.41276621935932,0.5114837675337772,0.00019406691250622998
979,2048,32.0,-2,979,18.41285168287848,0.5114860099224054,0.00019242192836088634
980,2048,32.0,-2,980,18.41293671177634,0.5114882407816399,0.00019079135280719584
981,2048,32.0,-2,981,18.413021308386217,0.511490460173575,0.0001891750560716332
982,2048,32.0,-2,982,18.413105475028082,0.5114926681599529,0.0001875729079685584
983,2048,32.0,-2,983,18.413189214008664,0.5114948648021659,0.00018598477850417794
984,2048,32.0,-2,984,18.413272527621544,0.5114970501612582,0.00018441054403695034
985,2048,32.0,-2,985,18.41335541814722,0.5114992242979289,0.00018285007507756745
986,2048,32.0,-2,986,18.413437887853185,0.5115013872725331,0.0001813032504216494
987,2048,32.0,-2,987,18.41351993899403,0.5115035391450844,0.00017976994513446698
988,2048,32.0,-2,988,18.41360157381149,0.5115056799752569,0.00017825003610028034
989,2048,32.0,-2,989,18.413682794534555,0.5115078098223875,0.00017674340277551437
990,2048,32.0,-2,990,18.413763603379504,0.5115099287454771,0.00017524992532003125
991,2048,32.0,-2,991,18.413844002550043,0.5115120368031933,0.00017376948316183416
992,2048,32.0,-2,992,18.413923994237322,0.5115141340538728,0.00017230196089457195
993,2048,32.0,-2,993,18.41400358062006,0.5115162205555224,0.00017084724159843745
994,2048,32.0,-2,994,18.41408276386458,0.5115182963658212,0.00016940520873731657
995,2048,32.0,-2,995,18.41416154612493,0.5115203615421235,0.0001679757455121944
996,2048,32.0,-2,996,18.414239929542916,0.5115224161414592,0.0001665587420163206
997,2048,32.0,-2,997,18.41431791624818,0.5115244602205371,0.0001651540860905243
998,2048,32.0,-2,998,18.41439550835831,0.5115264938357461,0.0001637616632237382
999,2048,32.0,-2,999,18.414472707978877,0.5115285170431572,0.00016238136444712836
1000,2048,32.0,-2,1000,18.414549517203533,0.5115305298985258,0.00016101308123950275
1001,2048,32.0,-2,1001,18.414625938114053,0.5115325324572927,0.00015965670440465374
1002,2048,32.0,-2,1002,18.41470197278044,0.511534524774587,0.0001583121282067168
1003,2048,32.0,-2,1003,18.41477815893742,0.5115365069052277,0.00015697924563085053
1004,2048,32.0,-2,1004,18.414854194859096,0.5115384789037246,0.00015565795118988035
1005,2048,32.0,-2,1005,18.41492984711946,0.5115404408242816,0.00015434813852266416
1006,2048,32.0,-2,1006,18.415005117759165,0.5115423927207974,0.00015304970721530253
1007,2048,32.0,-2,1007,18.41508000880735,0.5115443346468679,0.00015176255573123854
1008,2048,32.0,-2,1008,18.4151545222817,0.5115462666557878,0.00015048657871830073
1009,2048,32.0,-2,1009,18.415228660188525,0.5115481888005523,0.00014922167928688168
1010,2048,32.0,-2,1010,18.41530242452284,0.5115501011338592,0.00014796775676018115
1011,2048,32.0,-2,1011,18.41537581726839,0.5115520037081105,0.00014672471151300215
1012,2048,32.0,-2,1012,18.41544884039777,0.5115538965754138,0.0001454924473449637
1013,2048,32.0,-2,1013,18.415521495872465,0.5115557797875847,0.00014427086770751885
1014,2048,32.0,-2,1014,18.415593785642912,0.5115576533961481,0.0001430598753842105
1015,2048,32.0,-2,1015,18.41566571164859,0.51155951745234,0.0001418593764199727
1016,2048,32.0,-2,1016,18.415737275818053,0.511561372007109,0.00014066927598577195
1017,2048,32.0,-2,1017,18.415808480069032,0.5115632171111189,0.00013948948185316112
1018,2048,32.0,-2,1018,18.41587932630848,0.5115650528147491,0.00013831990078472245
1019,2048,32.0,-2,1019,18.415949816432622,0.5115668791680971,0.00013716044146860895
1020,2048,32.0,-2,1020,18.416019952327062,0.5115686962209801,0.0001360110136658932
1021,2048,32.0,-2,1021,18.4160897358668,0.5115705040229366,0.00013487152808977498
1022,2048,32.0,-2,1022,18.41615916891633,0.5115723026232276,0.00013374189430237493
1023,2048,32.0,-2,1023,18.416228253329685,0.5115740920708391,0.00013262202605801576
1024,2048,32.0,-2,1024,18.416296990950507,0.5115758724144832,0.00013151183387094534
1025,2048,32.0,-2,1025,18.41636538361211,0.5115776437025994,0.0001304112321989237
1026,2048,32.0,-2,1026,18.416433433137545,0.5115794059833569,0.00012932013547128918
1027,2048,32.0,-2,1027,18.416501141339623,0.5115811593046559,0.00012823845980847182
1028,2048,32.0,-2,1028,18.41656851002105,0.5115829037141288,0.0001271661198103402
1029,2048,32.0,-2,1029,18.416635540974433,0.5115846392591429,0.000126103030510194
1030,2048,32.0,-2,1030,18.416702235982328,0.5115863659868004,0.00012504911227040338
1031,2048,32.0,-2,1031,18.416768596817374,0.5115880839439412,0.00012400428265380015
1032,2048,32.0,-2,1032,18.41683462524226,0.511589793177144,0.00012296845947901147
1033,2048,32.0,-2,1033,18.416900323009855,0.5115914937327277,0.00012194156443001702
1034,2048,32.0,-2,1034,18.416965691863226,0.5115931856567534,0.00012092351492754005
1035,2048,32.0,-2,1035,18.417030733535718,0.511594868995025,0.0001199142347516613
1036,2048,32.0,-2,1036,18.417095449751006,0.5115965437930923,0.00011891364321314768
1037,2048,32.0,-2,1037,18.417159842223143,0.5115982100962505,0.00011792166672108806
1038,2048,32.0,-2,1038,18.417223912656628,0.5115998679495432,0.0001169382250907347
1039,2048,32.0,-2,1039,18.417287662746464,0.5116015173977633,0.00011596324610252395
1040,2048,32.0,-2,1040,18.417351094178215,0.5116031584854547,0.0001149966490601173
1041,2048,32.0,-2,1041,18.417414208628045,0.5116047912569134,0.00011403836442980264
1042,2048,32.0,-2,1042,18.417477007762802,0.5116064157561895,0.0001130883159419227
1043,2048,32.0,-2,1043,18.417539493240035,0.5116080320270878,0.00011214643149060066
1044,2048,32.0,-2,1044,18.41760166670811,0.5116096401131702,0.00011121263830915495
1045,2048,32.0,-2,1045,18.417663529806184,0.5116112400577566,0.00011028686166980606
1046,2048,32.0,-2,1046,18.41772508416433,0.5116128319039265,0.00010936903390756925
1047,2048,32.0,-2,1047,18.417786331403562,0.5116144156945197,0.0001084590832292065
1048,2048,32.0,-2,1048,18.417847273135877,0.511615991472139,0.00010755694042074992
1049,2048,32.0,-2,1049,18.417907910964335,0.5116175592791506,0.00010666253636770762
1050,2048,32.0,-2,1050,18.417968246483085,0.511619119157686,0.00010577580146531318
1051,2048,32.0,-2,1051,18.41802828127745,0.5116206711496429,0.00010489666752278026
1052,2048,32.0,-2,1052,18.418088016923942,0.5116222152966869,0.00010402506723039551
1053,2048,32.0,-2,1053,18.41814745499034,0.5116237516402529,0.00010316093494111556
1054,2048,32.0,-2,1054,18.41820659703573,0.5116252802215457,0.00010230420410550778
1055,2048,32.0,-2,1055,18.41820659703573,0.5116252802215457,0.00010230420410550778
